{"ip": {"in": {"id": [199, 200, 201, 202, 203, 204, 205, 206, 207, 208, 209, 210, 211, 212, 213, 214, 215, 216, 217, 218, 219, 220, 221, 222, 223, 224, 225, 226, 227, 228, 229, 230, 231, 232, 233, 234, 235, 236, 237, 238], "ttl": 255}, "out": {"id": [30542, 51634, 124, 22796, 51470, 32645, 12309, 53088, 23028, 22840, 25597, 7526, 8163, 46481, 227, 9346, 56887, 1632, 35705, 40838, 27404, 4627, 42678, 61194, 28082, 57730, 2269, 36934, 57607, 52843, 29821, 61003, 35153, 27238, 44371, 56647, 34549, 43598, 6807, 17562], "ttl": 64}}, "idp_in": "4500004100", "time_end": 1533197252.599875, "expire_type": "a", "entropy": 1.23574, "payload": {"in": "17fefd000100000000001b0018000100000000001b44623eb8594ba0e7647bf6", "out": "17fefd000100000000001b0044000000000000001b460a322c95ab532bc6a667"}, "num_pkts_out": 40, "pr": 17, "time_start": 1533197217.910052, "bytes_in": 9241, "num_pkts_in": 40, "bytes_out": 2047, "byte_dist_std": 66.344988, "da": "192.168.3.213", "wht": [113.32, 1.0772, 0.2143, -3.7136], "byte_dist_mean": 113.320074, "idp_len_out": 5, "total_entropy": 13949.032515, "byte_dist": [196, 26, 5, 7, 4, 2, 3, 4, 4, 5, 3, 4, 6, 5, 4, 3, 4, 4, 4, 5, 11, 4, 3, 19, 6, 4, 4, 4, 6, 5, 2, 6, 5, 6, 6, 4, 5, 5, 4, 3, 5, 4, 6, 5, 5, 7, 4, 4, 4, 5, 3, 3, 4, 6, 3, 5, 3, 6, 4, 9, 4, 5, 5, 4, 5, 5, 4, 3, 5, 5, 4, 3, 3, 4, 4, 2, 4, 5, 6, 5, 4, 4, 7, 6, 2, 4, 5, 3, 4, 5, 3, 3, 5, 4, 5, 4, 3, 4, 4, 4, 5, 4, 5, 5, 7, 5, 3, 5, 4, 7, 6, 3, 3, 4, 4, 4, 5, 2, 5, 4, 3, 4, 4, 4, 4, 4, 3, 3, 4, 4, 5, 3, 5, 3, 3, 2, 3, 3, 3, 5, 4, 4, 5, 4, 3, 3, 4, 2, 4, 4, 4, 5, 5, 4, 4, 4, 5, 4, 4, 2, 6, 4, 4, 4, 4, 4, 5, 7, 3, 3, 4, 5, 3, 4, 4, 6, 3, 4, 4, 3, 6, 5, 5, 5, 4, 5, 3, 6, 2, 4, 5, 3, 5, 4, 4, 4, 4, 4, 5, 2, 5, 5, 5, 3, 3, 3, 5, 2, 4, 5, 4, 4, 5, 6, 5, 3, 4, 4, 5, 3, 5, 4, 4, 5, 4, 5, 4, 5, 5, 3, 4, 4, 3, 3, 4, 7, 6, 5, 6, 5, 3, 5, 2, 3, 3, 4, 2, 6, 3, 4, 2, 5, 5, 18, 18, 4], "dp": 5684, "idp_len_in": 5, "sp": 50841, "packets": [], "idp_out": "4500006d77", "sa": "192.168.3.154"}
