{"ip": {"in": {"id": [283, 284, 285, 286, 287, 288, 289, 290, 291, 292, 293, 294, 295, 296, 297, 298, 299, 300, 301, 302, 303, 304, 305, 306, 307, 308, 309, 310, 311, 312, 313, 314, 315, 316, 317, 318, 319, 320, 321, 322, 323, 324, 325, 326, 327, 328, 329, 330, 331, 332], "ttl": 255}, "out": {"id": [51111, 23539, 24340, 727, 32920, 38895, 46707, 58459, 32708, 61889, 39930, 24136, 23900, 41835, 34025, 50355, 62568, 3349, 45272, 14737, 51243, 25929, 60947, 55982, 55139, 1956, 43541, 43908, 57583, 41861, 9427, 58477, 13796, 46937, 5223, 7016, 59352, 9100, 38727, 31630, 13860, 38323, 2390, 51698, 51119, 60178, 62351, 16631, 9285, 13732], "ttl": 64}}, "idp_in": "4500004101", "time_end": 1533197406.147674, "expire_type": "a", "entropy": 1.17853, "payload": {"in": "17fefd000100000000006e0018000100000000006eecd8a1dfeb7160f3cf4453", "out": "17fefd000100000000006e0043000000000000006e9114cd5106de741b64340b"}, "num_pkts_out": 52, "pr": 17, "time_start": 1533197375.816122, "bytes_in": 10927, "num_pkts_in": 52, "bytes_out": 2830, "byte_dist_std": 65.780556, "da": "192.168.3.213", "wht": [112.7, 2.259, 0.97994, -3.817], "byte_dist_mean": 112.699062, "idp_len_out": 5, "total_entropy": 16213.041824, "byte_dist": [244, 30, 4, 4, 5, 5, 7, 6, 5, 5, 6, 5, 4, 7, 4, 5, 6, 5, 5, 5, 12, 6, 5, 22, 6, 7, 5, 3, 4, 5, 4, 5, 6, 4, 5, 5, 5, 5, 5, 6, 4, 6, 3, 7, 4, 4, 5, 5, 3, 3, 5, 5, 2, 5, 4, 5, 4, 4, 5, 2, 8, 5, 4, 3, 6, 5, 7, 5, 8, 7, 6, 4, 6, 4, 5, 3, 5, 4, 5, 6, 5, 4, 4, 4, 6, 4, 5, 3, 5, 4, 6, 5, 4, 5, 3, 6, 5, 4, 5, 6, 6, 5, 5, 6, 4, 5, 3, 6, 6, 6, 4, 6, 6, 6, 6, 7, 4, 7, 3, 4, 5, 7, 7, 6, 6, 6, 5, 7, 4, 3, 5, 4, 6, 7, 6, 4, 3, 4, 5, 7, 4, 5, 5, 4, 4, 4, 4, 4, 6, 3, 4, 4, 5, 4, 3, 5, 5, 5, 5, 4, 5, 5, 3, 5, 3, 5, 4, 5, 6, 4, 5, 4, 3, 5, 3, 5, 4, 3, 4, 3, 3, 4, 5, 7, 5, 4, 4, 7, 3, 3, 5, 5, 7, 7, 5, 5, 5, 4, 4, 6, 5, 3, 3, 4, 6, 5, 3, 3, 4, 6, 3, 4, 5, 5, 4, 3, 4, 6, 7, 5, 5, 4, 4, 6, 5, 4, 6, 2, 6, 4, 5, 5, 8, 5, 4, 4, 4, 6, 6, 8, 4, 5, 5, 4, 4, 4, 4, 4, 6, 6, 6, 5, 6, 24, 22, 4], "dp": 5684, "idp_len_in": 5, "sp": 50841, "packets": [], "idp_out": "4500006cc7", "sa": "192.168.3.154"}
{"pr": 17, "time_start": 1533197411.437615, "bytes_out": 45, "sp": 5353, "packets": [], "time_end": 1533197411.437615, "byte_dist_std": 55.735912, "da": "224.0.0.251", "wht": [48.089, -2.7111, 1.1556, 4.4], "idp_out": "4500004934", "entropy": 3.394864, "num_pkts_out": 1, "idp_len_out": 5, "ip": {"out": {"id": [13427], "ttl": 255}}, "total_entropy": 152.768873, "sa": "192.168.3.174", "byte_dist": [16, 2, 1, 0, 2, 2, 0, 0, 0, 0, 0, 0, 2, 0, 0, 0, 0, 0, 1, 0, 0, 0, 0, 0, 0, 0, 0, 0, 0, 0, 0, 0, 0, 0, 0, 0, 0, 0, 0, 0, 0, 0, 0, 0, 0, 0, 0, 0, 0, 0, 0, 0, 0, 0, 0, 0, 0, 0, 0, 0, 0, 0, 0, 0, 0, 0, 0, 0, 0, 0, 0, 0, 0, 0, 0, 0, 0, 0, 0, 0, 0, 0, 0, 0, 0, 0, 0, 0, 0, 0, 0, 0, 0, 0, 0, 3, 0, 1, 0, 2, 0, 0, 0, 0, 0, 2, 0, 0, 2, 0, 0, 1, 5, 0, 0, 1, 1, 0, 0, 0, 0, 0, 0, 0, 0, 0, 0, 0, 0, 0, 0, 0, 0, 0, 0, 0, 0, 0, 0, 0, 0, 0, 0, 0, 0, 0, 0, 0, 0, 0, 0, 0, 0, 0, 0, 0, 0, 0, 0, 0, 0, 0, 0, 0, 0, 0, 0, 0, 0, 0, 0, 0, 0, 0, 0, 0, 0, 0, 0, 0, 0, 0, 0, 0, 0, 0, 0, 0, 0, 0, 0, 0, 1, 0, 0, 0, 0, 0, 0, 0, 0, 0, 0, 0, 0, 0, 0, 0, 0, 0, 0, 0, 0, 0, 0, 0, 0, 0, 0, 0, 0, 0, 0, 0, 0, 0, 0, 0, 0, 0, 0, 0, 0, 0, 0, 0, 0, 0, 0, 0, 0, 0, 0, 0, 0, 0, 0, 0, 0, 0, 0, 0, 0, 0, 0, 0], "payload": {"out": "000000000002000000000000055f69707073045f746370056c6f63616c00000c"}, "dp": 5353, "byte_dist_mean": 48.088889}
