{"ip": {"in": {"id": [103, 104, 105, 106, 107, 108, 109, 110, 111, 112, 113, 114, 115, 117, 118, 119, 120, 121, 122, 123], "ttl": 255}, "out": {"id": [24357, 48832, 25001, 11183, 6278, 56176, 846, 57870, 35090, 57266, 10016, 57493, 39108, 45948, 41493, 62387, 18887, 63166, 20822], "ttl": 64}}, "idp_in": "4500005800", "time_end": 1533197079.419433, "expire_type": "i", "entropy": 2.128114, "payload": {"in": "16fefd0000000000000000002f030000230000000000000023fefd20d94c7776", "out": "16fefd000000000000000000380100002c000000000000002cfefdc7e549d0d5"}, "num_pkts_out": 19, "pr": 17, "time_start": 1533197079.251466, "bytes_in": 2958, "num_pkts_in": 20, "bytes_out": 1112, "byte_dist_std": 64.426703, "da": "192.168.3.213", "wht": [107.05, 2.1428, -0.12457, -5.3005], "byte_dist_mean": 107.04742, "idp_len_out": 5, "total_entropy": 8661.421978, "byte_dist": [143, 19, 5, 5, 5, 3, 3, 4, 4, 3, 4, 3, 3, 4, 4, 4, 3, 3, 3, 2, 5, 3, 6, 10, 3, 4, 3, 3, 2, 3, 2, 5, 3, 3, 3, 4, 2, 4, 3, 2, 6, 3, 3, 3, 3, 4, 3, 4, 3, 1, 3, 1, 2, 3, 3, 1, 2, 4, 2, 4, 2, 3, 2, 4, 2, 3, 3, 2, 3, 2, 4, 2, 2, 4, 3, 2, 3, 5, 4, 2, 2, 3, 1, 3, 3, 3, 2, 2, 3, 4, 2, 4, 3, 2, 3, 1, 3, 2, 2, 2, 3, 4, 3, 3, 3, 4, 3, 2, 3, 3, 4, 4, 2, 4, 4, 2, 4, 4, 2, 5, 4, 2, 4, 3, 1, 2, 2, 4, 2, 5, 3, 2, 4, 3, 3, 2, 3, 2, 2, 3, 1, 2, 2, 2, 2, 3, 4, 3, 2, 2, 3, 2, 2, 1, 3, 2, 6, 2, 2, 2, 1, 2, 3, 3, 4, 2, 2, 3, 2, 1, 2, 4, 3, 3, 3, 4, 3, 3, 2, 4, 3, 2, 1, 2, 4, 3, 3, 3, 1, 2, 2, 1, 3, 3, 3, 2, 3, 3, 2, 3, 2, 5, 3, 4, 3, 3, 2, 2, 2, 3, 1, 4, 3, 4, 3, 4, 1, 4, 5, 4, 2, 2, 3, 3, 3, 3, 4, 2, 2, 5, 2, 2, 5, 5, 2, 3, 2, 2, 5, 3, 5, 3, 3, 2, 3, 2, 3, 3, 3, 2, 4, 2, 1, 13, 14, 1], "dp": 5684, "idp_len_in": 5, "sp": 50534, "packets": [], "idp_out": "450000615f", "sa": "192.168.3.154"}
{"pr": 17, "time_start": 1533197079.345832, "bytes_out": 894, "sp": 5684, "packets": [], "time_end": 1533197081.856628, "byte_dist_std": 76.606753, "da": "192.168.3.154", "wht": [121, 2.7416, 0.4396, 1.2629], "idp_out": "450001db00", "entropy": 7.724214, "num_pkts_out": 2, "idp_len_out": 5, "ip": {"out": {"id": [116, 124], "ttl": 255}}, "expire_type": "i", "total_entropy": 6905.447385, "sa": "192.168.3.213", "byte_dist": [26, 10, 4, 7, 2, 2, 4, 3, 3, 4, 6, 3, 1, 3, 6, 2, 3, 3, 5, 6, 4, 2, 3, 3, 4, 4, 6, 4, 3, 5, 4, 3, 5, 4, 4, 3, 4, 1, 5, 2, 4, 4, 8, 0, 2, 2, 6, 4, 1, 3, 1, 5, 1, 4, 9, 3, 1, 1, 3, 1, 2, 4, 7, 2, 2, 1, 3, 5, 5, 8, 3, 5, 3, 5, 4, 3, 5, 0, 4, 2, 6, 4, 3, 7, 2, 3, 5, 4, 5, 3, 3, 3, 4, 6, 1, 3, 1, 3, 3, 3, 4, 3, 6, 5, 0, 4, 0, 4, 4, 5, 7, 5, 3, 3, 2, 0, 2, 5, 7, 7, 4, 2, 2, 6, 2, 3, 0, 1, 1, 1, 2, 4, 2, 1, 3, 1, 3, 4, 3, 5, 2, 2, 2, 5, 2, 6, 3, 2, 2, 4, 3, 0, 3, 4, 2, 4, 2, 2, 5, 2, 3, 3, 4, 2, 4, 4, 0, 1, 3, 4, 6, 1, 3, 2, 3, 7, 5, 4, 9, 5, 3, 2, 6, 3, 6, 5, 2, 4, 3, 3, 1, 1, 2, 4, 1, 9, 1, 1, 1, 4, 1, 3, 2, 4, 6, 4, 7, 5, 4, 3, 1, 4, 6, 3, 2, 5, 4, 4, 5, 4, 4, 3, 3, 3, 4, 8, 4, 7, 5, 4, 2, 3, 5, 2, 5, 4, 2, 1, 2, 2, 1, 2, 2, 3, 2, 4, 1, 3, 1, 5, 5, 2, 0, 5, 3, 3], "payload": {"out": "17fefd000100000000001201b20001000000000012520af4fa6e787cf90a21e3"}, "dp": 50101, "byte_dist_mean": 121.001119}
{"pr": 1, "time_start": 1533197079.346854, "bytes_out": 56, "sp": null, "packets": [], "time_end": 1533197081.942183, "byte_dist_std": 94.264253, "da": "192.168.3.213", "wht": [105.18, -16.821, -1.25, 17.321], "idp_out": "4500003833", "entropy": 4.129245, "num_pkts_out": 2, "idp_len_out": 5, "ip": {"out": {"id": [13168, 12030], "ttl": 64}}, "expire_type": "i", "total_entropy": 231.237736, "sa": "192.168.3.154", "byte_dist": [10, 4, 0, 4, 0, 0, 0, 0, 0, 0, 0, 0, 0, 0, 0, 0, 0, 2, 0, 0, 0, 0, 2, 0, 0, 0, 0, 0, 0, 0, 0, 0, 0, 0, 0, 0, 0, 0, 0, 0, 0, 0, 0, 0, 0, 0, 0, 0, 0, 0, 0, 0, 2, 0, 0, 0, 0, 0, 0, 0, 0, 0, 0, 0, 2, 0, 0, 0, 0, 2, 0, 0, 0, 0, 0, 0, 0, 0, 0, 0, 0, 0, 0, 0, 0, 0, 0, 0, 0, 0, 0, 0, 0, 0, 0, 0, 0, 0, 0, 0, 0, 0, 0, 0, 0, 0, 0, 0, 0, 0, 0, 0, 0, 0, 0, 0, 1, 0, 0, 0, 0, 0, 0, 0, 1, 0, 0, 0, 0, 0, 0, 0, 0, 0, 0, 0, 0, 0, 0, 0, 0, 0, 0, 0, 0, 0, 0, 0, 0, 0, 0, 0, 0, 0, 2, 0, 0, 0, 0, 0, 0, 0, 0, 0, 0, 0, 0, 0, 4, 0, 0, 0, 0, 0, 0, 0, 0, 0, 0, 0, 0, 2, 0, 0, 0, 0, 0, 0, 0, 0, 0, 0, 4, 0, 0, 2, 0, 0, 0, 2, 0, 0, 0, 0, 0, 0, 0, 0, 0, 0, 0, 0, 0, 3, 0, 0, 0, 0, 0, 2, 0, 1, 0, 0, 0, 0, 0, 0, 0, 0, 0, 0, 0, 0, 0, 0, 0, 0, 0, 0, 2, 0, 0, 0, 0, 0, 0, 0, 0, 0, 0, 0, 0, 0, 0, 2], "payload": {"out": "450001db00744000ff11f0ddc0a803d5c0a8039a1634c3b501c70000"}, "dp": null, "byte_dist_mean": 105.178571}
{"pr": 17, "time_start": 1533197079.342617, "bytes_out": 556, "sp": 5353, "packets": [], "time_end": 1533197092.383249, "byte_dist_std": 55.145033, "da": "224.0.0.251", "wht": [65.604, 3.4748, -3.8777, 0.89928], "idp_out": "450000a742", "entropy": 4.838162, "num_pkts_out": 4, "idp_len_out": 5, "ip": {"out": {"id": [16922, 15333, 42860, 9790], "ttl": 255}}, "expire_type": "i", "total_entropy": 2690.018307, "sa": "192.168.3.154", "byte_dist": [111, 24, 0, 0, 12, 16, 0, 0, 8, 0, 0, 0, 24, 0, 4, 4, 0, 4, 4, 4, 0, 12, 0, 0, 0, 0, 4, 0, 0, 0, 0, 0, 0, 0, 0, 0, 0, 0, 0, 0, 0, 4, 0, 0, 0, 8, 0, 0, 0, 0, 0, 0, 0, 0, 0, 0, 0, 0, 0, 0, 0, 0, 0, 0, 4, 0, 0, 0, 8, 0, 0, 0, 0, 0, 0, 0, 0, 8, 0, 0, 0, 0, 0, 0, 0, 0, 0, 0, 0, 0, 0, 0, 0, 0, 0, 28, 8, 20, 4, 12, 4, 12, 0, 0, 4, 16, 0, 8, 20, 8, 12, 24, 28, 0, 12, 4, 8, 4, 0, 0, 4, 8, 0, 0, 0, 0, 0, 8, 5, 0, 0, 8, 0, 0, 0, 0, 0, 0, 0, 0, 0, 0, 0, 0, 0, 0, 0, 0, 4, 0, 0, 0, 0, 0, 0, 0, 0, 0, 0, 0, 4, 0, 0, 0, 0, 0, 0, 0, 0, 0, 0, 0, 0, 0, 0, 0, 0, 0, 0, 0, 0, 0, 0, 0, 0, 0, 0, 0, 0, 0, 0, 0, 16, 0, 0, 0, 0, 0, 0, 0, 0, 0, 0, 0, 0, 0, 0, 0, 0, 0, 0, 0, 0, 0, 0, 0, 0, 0, 0, 0, 0, 0, 0, 0, 0, 0, 0, 0, 0, 0, 0, 0, 0, 0, 0, 0, 0, 0, 0, 0, 0, 0, 0, 0, 0, 0, 0, 0, 0, 0, 0, 0, 0, 0, 0, 0], "payload": {"out": "000000000005000000000001085f686f6d656b6974045f746370056c6f63616c"}, "dp": 5353, "byte_dist_mean": 65.604317}
{"ip": {"in": {"id": [125, 126, 127, 128, 129, 130, 131, 132, 133, 134, 135, 136, 137, 140, 141, 142, 143, 144, 145, 146], "ttl": 255}, "out": {"id": [25605, 20079, 23019, 35911, 19253, 39697, 4145, 61308, 45529, 32699, 53919, 36355, 5422, 49450, 56885, 30792, 38679, 59614, 4068], "ttl": 64}}, "idp_in": "4500005800", "time_end": 1533197096.644701, "expire_type": "i", "entropy": 2.13038, "payload": {"in": "16fefd0000000000000000002f030000230000000000000023fefd2094dd5577", "out": "16fefd000000000000000000380100002c000000000000002cfefd4c9b389757"}, "num_pkts_out": 19, "pr": 17, "time_start": 1533197096.402193, "bytes_in": 2958, "num_pkts_in": 20, "bytes_out": 1112, "byte_dist_std": 63.791424, "da": "192.168.3.213", "wht": [105.2, 0.0007371, 1.4057, -3.7816], "byte_dist_mean": 105.197789, "idp_len_out": 5, "total_entropy": 8670.648196, "byte_dist": [144, 20, 5, 6, 4, 5, 4, 4, 4, 4, 4, 4, 4, 2, 3, 4, 2, 2, 3, 2, 4, 3, 3, 9, 3, 3, 2, 3, 3, 4, 4, 4, 4, 2, 3, 3, 2, 4, 3, 4, 5, 3, 3, 2, 3, 3, 1, 4, 3, 3, 3, 2, 2, 3, 4, 3, 4, 3, 4, 2, 3, 2, 1, 1, 1, 3, 1, 2, 3, 4, 1, 2, 2, 3, 4, 4, 5, 3, 3, 6, 4, 3, 3, 4, 3, 4, 2, 4, 4, 3, 2, 4, 2, 4, 3, 1, 4, 2, 4, 3, 2, 5, 4, 2, 2, 3, 2, 2, 2, 4, 2, 2, 2, 3, 4, 5, 1, 3, 2, 4, 2, 3, 1, 3, 3, 3, 2, 4, 2, 3, 3, 2, 3, 2, 2, 1, 3, 3, 3, 2, 3, 4, 4, 3, 3, 2, 3, 2, 3, 4, 1, 5, 3, 3, 3, 2, 2, 4, 2, 5, 4, 4, 2, 3, 3, 4, 2, 4, 3, 4, 3, 3, 2, 2, 4, 1, 3, 2, 2, 1, 3, 1, 3, 4, 4, 2, 2, 4, 2, 2, 4, 2, 3, 3, 3, 2, 3, 3, 4, 2, 3, 3, 4, 4, 2, 3, 3, 2, 3, 1, 4, 4, 3, 3, 3, 1, 3, 4, 3, 3, 3, 2, 3, 2, 2, 1, 2, 4, 2, 4, 1, 1, 2, 3, 3, 3, 1, 3, 2, 2, 2, 4, 1, 2, 3, 3, 3, 2, 3, 3, 2, 2, 5, 13, 15, 2], "dp": 5684, "idp_len_in": 5, "sp": 54954, "packets": [], "idp_out": "4500006164", "sa": "192.168.3.154"}
{"ip": {"in": {"id": [149, 150, 151, 152, 153, 154, 155, 156, 157, 158, 159, 160, 161, 164, 165, 166, 167, 168, 169, 170], "ttl": 255}, "out": {"id": [21929, 31540, 16365, 48836, 30507, 30599, 13974, 9537, 10735, 26469, 1851, 10937, 38139, 52793, 31420, 37619, 35096, 49339, 22342], "ttl": 64}}, "idp_in": "4500005800", "time_end": 1533197107.625132, "entropy": 2.103672, "payload": {"in": "16fefd0000000000000000002f030000230000000000000023fefd202a9df867",