{"ip": {"in": {"id": [209, 210, 211, 212, 213, 214, 215, 216, 217], "ttl": 255}, "out": {"id": [18546, 23090, 57912, 51989, 37522, 30373, 40227, 45286, 34948, 10160], "ttl": 64}}, "idp_in": "4500004100", "time_end": 1539788786.382696, "expire_type": "a", "entropy": 4.133606, "payload": {"in": "17fefd00010000000000180018000100000000001816ad8db7e64d54a77c6f67", "out": "17fefd0001000000000018004e0000000000000018919a7bbf92d8a80167b1e6"}, "num_pkts_out": 10, "pr": 17, "time_start": 1539788751.530092, "bytes_in": 2245, "num_pkts_in": 9, "bytes_out": 560, "byte_dist_std": 65.652456, "da": "192.168.3.213", "wht": [114.39, 2.0442, 0.084848, -4.3579], "byte_dist_mean": 114.39287, "idp_len_out": 5, "total_entropy": 11594.764709, "byte_dist": [128, 20, 4, 4, 6, 4, 3, 4, 5, 4, 7, 6, 5, 5, 4, 4, 6, 7, 3, 3, 7, 4, 6, 14, 11, 8, 5, 4, 6, 5, 7, 6, 7, 9, 5, 3, 6, 8, 5, 5, 5, 4, 4, 5, 5, 4, 4, 6, 6, 2, 2, 2, 6, 3, 2, 2, 3, 2, 3, 5, 3, 3, 4, 7, 3, 5, 4, 5, 4, 3, 6, 6, 4, 4, 4, 3, 4, 9, 5, 2, 2, 5, 4, 3, 4, 4, 4, 5, 4, 3, 7, 7, 3, 7, 4, 4, 7, 5, 3, 6, 3, 5, 4, 4, 5, 5, 4, 5, 4, 8, 6, 3, 3, 4, 3, 7, 1, 5, 4, 5, 5, 4, 5, 5, 4, 4, 5, 3, 3, 5, 4, 7, 4, 4, 3, 5, 6, 4, 4, 3, 5, 5, 3, 6, 5, 6, 7, 5, 6, 4, 5, 5, 5, 2, 6, 5, 4, 3, 6, 3, 5, 5, 4, 6, 3, 5, 4, 5, 5, 6, 6, 4, 6, 4, 3, 3, 7, 5, 3, 2, 3, 3, 4, 7, 1, 3, 4, 3, 3, 5, 6, 4, 6, 5, 3, 8, 6, 5, 4, 5, 3, 5, 6, 5, 2, 6, 4, 6, 4, 4, 7, 5, 1, 3, 4, 7, 5, 3, 5, 8, 3, 5, 4, 5, 5, 4, 3, 7, 2, 2, 6, 5, 5, 4, 5, 5, 3, 3, 5, 4, 4, 6, 4, 7, 5, 4, 6, 5, 4, 5, 4, 3, 6, 14, 14, 5], "dp": 5684, "idp_len_in": 5, "sp": 57011, "packets": [], "idp_out": "4500007748", "sa": "192.168.3.177"}
{"pr": 17, "time_start": 1539788766.726287, "bytes_out": 112, "sp": 5353, "packets": [], "time_end": 1539788766.726287, "byte_dist_std": 63.914918, "da": "224.0.0.251", "wht": [70.268, -12.786, -2.75, 2.6964], "idp_out": "4500008ca3", "entropy": 4.818964, "num_pkts_out": 1, "idp_len_out": 5, "ip": {"out": {"id": [41933], "ttl": 255}}, "expire_type": "i", "total_entropy": 539.724022, "sa": "192.168.3.177", "byte_dist": [25, 4, 0, 1, 3, 2, 0, 2, 1, 0, 0, 0, 4, 0, 1, 1, 0, 1, 1, 0, 0, 1, 0, 0, 0, 0, 1, 0, 0, 0, 0, 0, 0, 0, 0, 0, 0, 0, 0, 0, 0, 1, 0, 0, 0, 2, 0, 0, 0, 0, 0, 0, 0, 0, 0, 0, 0, 0, 0, 0, 0, 0, 0, 0, 0, 0, 0, 0, 0, 0, 0, 0, 0, 0, 0, 0, 0, 0, 0, 0, 0, 0, 0, 0, 0, 0, 0, 0, 0, 0, 0, 0, 0, 0, 0, 5, 0, 2, 0, 3, 1, 3, 0, 0, 1, 3, 0, 2, 4, 2, 3, 5, 5, 0, 1, 1, 2, 1, 0, 0, 1, 1, 0, 0, 0, 0, 0, 0, 0, 0, 0, 2, 0, 0, 0, 0, 1, 0, 0, 0, 0, 0, 0, 0, 0, 0, 0, 0, 1, 0, 0, 0, 0, 0, 0, 0, 0, 0, 0, 0, 1, 0, 0, 0, 2, 0, 0, 0, 0, 0, 1, 0, 0, 0, 2, 0, 0, 0, 0, 0, 0, 0, 0, 0, 0, 0, 0, 0, 0, 0, 0, 0, 2, 0, 0, 0, 0, 0, 0, 0, 0, 0, 0, 0, 0, 0, 0, 0, 0, 0, 0, 0, 0, 0, 0, 0, 0, 0, 0, 0, 0, 0, 0, 1, 0, 0, 0, 2, 0, 0, 0, 0, 0, 0, 0, 0, 0, 0, 0, 0, 0, 0, 0, 0, 0, 0, 0, 0, 0, 0, 0, 0, 0, 0, 0, 0], "payload": {"out": "000000000003000000000001085f686f6d656b6974045f746370056c6f63616c"}, "dp": 5353, "byte_dist_mean": 70.267857}
{"pr": 2, "time_start": 1539788803.02645, "bytes_out": 8, "sp": null, "packets": [], "time_end": 1539788803.02645, "byte_dist_std": 91.374817, "da": "224.0.0.1", "wht": [63.75, 0, -34.5, -20.75], "idp_out": "46c0002000", "entropy": 2.0, "num_pkts_out": 1, "idp_len_out": 5, "ip": {"out": {"id": [0], "ttl": 1}}, "expire_type": "i", "total_entropy": 16.0, "sa": "0.0.0.0", "byte_dist": [4, 0, 0, 0, 0, 0, 0, 0, 0, 0, 0, 0, 0, 0, 0, 0, 0, 1, 0, 0, 0, 0, 0, 0, 0, 0, 0, 0, 0, 0, 0, 0, 0, 0, 0, 0, 0, 0, 0, 0, 0, 0, 0, 0, 0, 0, 0, 0, 0, 0, 0, 0, 0, 0, 0, 0, 0, 0, 0, 0, 0, 0, 0, 0, 0, 0, 0, 0, 0, 0, 0, 0, 0, 0, 0, 0, 0, 0, 0, 0, 0, 0, 0, 0, 0, 0, 0, 0, 0, 0, 0, 0, 0, 0, 0, 0, 0, 0, 0, 0, 1, 0, 0, 0, 0, 0, 0, 0, 0, 0, 0, 0, 0, 0, 0, 0, 0, 0, 0, 0, 0, 0, 0, 0, 0, 0, 0, 0, 0, 0, 0, 0, 0, 0, 0, 0, 0, 0, 0, 0, 0, 0, 0, 0, 0, 0, 0, 0, 0, 0, 0, 0, 0, 0, 0, 1, 0, 0, 0, 0, 0, 0, 0, 0, 0, 0, 0, 0, 0, 0, 0, 0, 0, 0, 0, 0, 0, 0, 0, 0, 0, 0, 0, 0, 0, 0, 0, 0, 0, 0, 0, 0, 0, 0, 0, 0, 0, 0, 0, 0, 0, 0, 0, 0, 0, 0, 0, 0, 0, 0, 0, 0, 0, 0, 0, 0, 0, 0, 0, 0, 0, 0, 0, 0, 0, 0, 0, 0, 0, 0, 0, 0, 0, 0, 0, 0, 0, 0, 1, 0, 0, 0, 0, 0, 0, 0, 0, 0, 0, 0, 0, 0, 0, 0, 0, 0], "payload": {"out": "1164ee9b00000000"}, "dp": null, "byte_dist_mean": 63.75}
{"pr": 2, "time_start": 1539788803.622524, "bytes_out": 8, "sp": null, "packets": [], "time_end": 1539788803.622524, "byte_dist_std": 107.733467, "da": "224.0.0.251", "wht": [63.75, 0, -2.25, 61.5], "idp_out": "4600002000", "entropy": 2.405639, "num_pkts_out": 1, "idp_len_out": 5, "ip": {"out": {"id": [228], "ttl": 1}}, "expire_type": "i", "total_entropy": 19.245111, "sa": "192.168.3.213", "byte_dist": [3, 0, 0, 0, 1, 0, 0, 0, 0, 1, 0, 0, 0, 0, 0, 0, 0, 0, 0, 0, 0, 0, 1, 0, 0, 0, 0, 0, 0, 0, 0, 0, 0, 0, 0, 0, 0, 0, 0, 0, 0, 0, 0, 0, 0, 0, 0, 0, 0, 0, 0, 0, 0, 0, 0, 0, 0, 0, 0, 0, 0, 0, 0, 0, 0, 0, 0, 0, 0, 0, 0, 0, 0, 0, 0, 0, 0, 0, 0, 0, 0, 0, 0, 0, 0, 0, 0, 0, 0, 0, 0, 0, 0, 0, 0, 0, 0, 0, 0, 0, 0, 0, 0, 0, 0, 0, 0, 0, 0, 0, 0, 0, 0, 0, 0, 0, 0, 0, 0, 0, 0, 0, 0, 0, 0, 0, 0, 0, 0, 0, 0, 0, 0, 0, 0, 0, 0, 0, 0, 0, 0, 0, 0, 0, 0, 0, 0, 0, 0, 0, 0, 0, 0, 0, 0, 0, 0, 0, 0, 0, 0, 0, 0, 0, 0, 0, 0, 0, 0, 0, 0, 0, 0, 0, 0, 0, 0, 0, 0, 0, 0, 0, 0, 0, 0, 0, 0, 0, 0, 0, 0, 0, 0, 0, 0, 0, 0, 0, 0, 0, 0, 0, 0, 0, 0, 0, 0, 0, 0, 0, 0, 0, 0, 0, 0, 0, 0, 0, 0, 0, 0, 0, 0, 0, 1, 0, 0, 0, 0, 0, 0, 0, 0, 0, 0, 0, 0, 0, 0, 0, 0, 0, 0, 0, 0, 0, 0, 0, 0, 0, 0, 1, 0, 0, 0, 0], "payload": {"out": "16000904e00000fb"}, "dp": null, "byte_dist_mean": 63.75}
{"ip": {"out": {"id": [0, 0, 0, 0, 0, 0], "ttl": 128}}, "time_end": 1539789039.142172, "expire_type": "a", "entropy": 0.383797, "payload": {"out": "01010600a435f44c000000000000000000000000000000000000000090e6ba3b"}, "num_pkts_out": 6, "pr": 17, "time_start": 1539789004.212177, "dhcp": [{"hlen": "6", "xid": "2754999372", "ciaddr": "0.0.0.0", "hops": "0", "giaddr": "0.0.0.0", "chaddr": "90e6ba3b473800000000000000000000", "yiaddr": "0.0.0.0", "secs": "0", "flags": "0", "htype": "1", "siaddr": "0.0.0.0", "options": [{"msg_type": "DHCPDISCOVER"}, {"address_request": "0a000020"}, {"hostname": "7374617274"}, {"parameter_list": "011c02030f06770c2c2f1a792af921fc"}], "op": "1"}, {"hlen": "6", "xid": "2754999372", "ciaddr": "0.0.0.0", "hops": "0", "giaddr": "0.0.0.0", "chaddr": "90e6ba3b473800000000000000000000", "yiaddr": "0.0.0.0", "secs": "3", "flags": "0", "htype": "1", "siaddr": "0.0.0.0", "options": [{"msg_type": "DHCPDISCOVER"}, {"address_request": "0a000020"}, {"hostname": "7374617274"}, {"parameter_list": "011c02030f06770c2c2f1a792af921fc"}], "op": "1"}, {"hlen": "6", "xid": "2754999372", "ciaddr": "0.0.0.0", "hops": "0", "giaddr": "0.0.0.0", "chaddr": "90e6ba3b473800000000000000000000", "yiaddr": "0.0.0.0", "secs": "8", "flags": "0", "htype": "1", "siaddr": "0.0.0.0", "options": [{"msg_type": "DHCPDISCOVER"}, {"address_request": "0a000020"}, {"hostname": "7374617274"}, {"parameter_list": "011c02030f06770c2c2f1a792af921fc"}], "op": "1"}, {"hlen": "6", "xid": "2754999372", "ciaddr": "0.0.0.0", "hops": "0", "giaddr": "0.0.0.0", "chaddr": "90e6ba3b473800000000000000000000", "yiaddr": "0.0.0.0", "secs": "14", "flags": "0", "htype": "1", "siaddr": "0.0.0.0", "options": [{"msg_type": "DHCPDISCOVER"}, {"address_request": "0a000020"}, {"hostname": "7374617274"}, {"parameter_list": "011c02030f06770c2c2f1a792af921fc"}], "op": "1"}, {"hlen": "6", "xid": "2754999372", "ciaddr": "0.0.0.0", "hops": "0", "giaddr": "0.0.0.0", "chaddr": "90e6ba3b473800000000000000000000", "yiaddr": "0.0.0.0", "secs": "26", "flags": "0", "htype": "1", "siaddr": "0.0.0.0", "options": [{"msg_type": "DHCPDISCOVER"}, {"address_request": "0a000020"}, {"hostname": "7374617274"}, {"parameter_list": "011c02030f06770c2c2f1a792af921fc"}], "op": "1"}, {"hlen": "6", "xid": "2754999372", "ciaddr": "0.0.0.0", "hops": "0", "giaddr": "0.0.0.0", "chaddr": "90e6ba3b473800000000000000000000", "yiaddr": "0.0.0.0", "secs": "35", "flags": "0", "htype": "1", "siaddr": "0.0.0.0",