{"pr": 17, "time_start": 1536824231.921296, "bytes_out": 4256, "sp": 5353, "packets": [], "time_end": 1536824272.022691, "byte_dist_std": 66.643998, "da": "224.0.0.251", "wht": [60.245, -2.2103, 2.8094, 9.0491], "idp_out": "4500008cee", "entropy": 1.539361, "num_pkts_out": 16, "idp_len_out": 5, "ip": {"out": {"id": [60930, 48224, 16886, 12036, 18169, 45699, 34898, 35600, 13237, 32948, 47928, 60188, 1665, 36133, 1562, 19213], "ttl": 255}}, "expire_type": "a", "total_entropy": 6551.518387, "sa": "192.168.3.177", "byte_dist": [214, 107, 10, 7, 12, 10, 6, 8, 7, 2, 0, 0, 15, 0, 5, 1, 5, 7, 3, 0, 0, 2, 0, 0, 1, 0, 3, 0, 4, 0, 0, 0, 0, 1, 0, 0, 0, 0, 0, 0, 0, 3, 1, 0, 0, 4, 0, 5, 36, 7, 2, 7, 5, 7, 3, 10, 15, 6, 15, 0, 0, 0, 0, 0, 3, 4, 3, 4, 4, 3, 4, 0, 0, 0, 1, 2, 1, 0, 0, 0, 3, 0, 0, 0, 0, 1, 3, 0, 0, 0, 0, 3, 1, 0, 0, 9, 3, 16, 3, 7, 6, 18, 6, 0, 4, 7, 0, 1, 9, 3, 8, 10, 11, 0, 3, 4, 3, 2, 2, 0, 17, 0, 0, 0, 0, 1, 3, 0, 17, 0, 0, 6, 1, 0, 0, 0, 3, 0, 0, 0, 0, 0, 1, 0, 0, 0, 0, 0, 7, 0, 0, 0, 1, 3, 0, 0, 0, 0, 0, 0, 3, 0, 0, 0, 6, 0, 0, 0, 4, 0, 4, 0, 0, 0, 6, 0, 0, 1, 0, 0, 0, 0, 0, 0, 0, 1, 2, 0, 0, 0, 4, 0, 34, 0, 0, 0, 0, 0, 0, 1, 0, 0, 0, 0, 0, 0, 0, 1, 0, 1, 0, 0, 0, 0, 0, 0, 0, 0, 0, 0, 0, 0, 2, 0, 0, 0, 0, 6, 0, 0, 0, 0, 0, 3, 0, 0, 0, 0, 0, 0, 0, 0, 1, 0, 3, 0, 0, 0, 0, 0, 0, 1, 0, 4, 1, 1], "payload": {"out": "000000000003000000000001085f686f6d656b6974045f746370056c6f63616c"}, "dp": 5353, "byte_dist_mean": 60.244596}
{"ip": {"in": {"id": [1635, 1636, 1637, 1638, 1639, 1640, 1641, 1642, 1643, 1644, 1645, 1646, 1647, 1650, 1651, 1652, 1653, 1654, 1655, 1656, 1672, 1682], "ttl": 255}, "out": {"id": [37811, 29847, 21762, 23038, 42812, 46827, 22648, 1436, 64045, 39360, 52795, 5030, 65142, 50383, 10452, 31048, 11191, 11627, 6172], "ttl": 64}}, "idp_in": "4500005806", "time_end": 1536824237.25555, "expire_type": "a", "entropy": 2.202326, "payload": {"in": "16fefd0000000000000000002f030000230000000000000023fefd2087ec0a0f", "out": "16fefd000000000000000000380100002c000000000000002cfefdb2361f1dfc"}, "num_pkts_out": 19, "pr": 17, "time_start": 1536824232.580185, "bytes_in": 3872, "num_pkts_in": 22, "bytes_out": 1114, "byte_dist_std": 66.105587, "da": "192.168.3.213", "wht": [108.19, 0.64962, 1.3043, -3.8534], "byte_dist_mean": 108.192339, "idp_len_out": 5, "total_entropy": 10980.798921, "byte_dist": [151, 22, 6, 3, 5, 4, 4, 5, 5, 5, 5, 3, 6, 4, 5, 5, 4, 5, 5, 5, 6, 2, 7, 12, 4, 3, 7, 4, 3, 4, 2, 5, 5, 4, 5, 4, 3, 5, 3, 4, 4, 4, 5, 3, 4, 6, 2, 4, 5, 3, 4, 4, 5, 3, 5, 5, 4, 4, 4, 5, 4, 3, 1, 3, 4, 4, 4, 6, 5, 3, 3, 4, 3, 4, 6, 4, 4, 5, 5, 4, 3, 5, 4, 3, 4, 5, 2, 1, 4, 3, 5, 4, 4, 4, 4, 3, 4, 3, 3, 5, 4, 4, 3, 2, 6, 3, 3, 4, 2, 4, 4, 4, 4, 3, 3, 4, 4, 7, 5, 7, 5, 2, 3, 3, 4, 2, 3, 2, 3, 4, 3, 4, 4, 4, 4, 3, 3, 3, 2, 7, 3, 2, 4, 2, 2, 3, 3, 1, 4, 3, 4, 3, 3, 3, 4, 3, 4, 2, 2, 5, 3, 4, 2, 3, 2, 4, 5, 3, 4, 4, 3, 3, 3, 3, 5, 3, 3, 3, 3, 4, 3, 3, 3, 5, 4, 2, 3, 4, 4, 3, 5, 4, 4, 5, 3, 4, 4, 3, 3, 3, 2, 3, 4, 4, 4, 5, 3, 2, 3, 4, 3, 3, 4, 4, 4, 3, 3, 3, 3, 2, 3, 4, 3, 4, 3, 6, 3, 4, 4, 2, 5, 2, 2, 3, 3, 4, 4, 5, 4, 3, 3, 5, 3, 4, 2, 4, 4, 4, 4, 6, 5, 4, 4, 17, 15, 3], "dp": 5684, "idp_len_in": 5, "sp": 58397, "packets": [], "idp_out": "4500006193", "sa": "192.168.3.177"}
{"pr": 17, "time_start": 1536824232.706549, "bytes_out": 1800, "sp": 5684, "packets": [], "time_end": 1536824237.613503, "byte_dist_std": 75.835197, "da": "192.168.3.177", "wht": [124.19, -0.36611, 4.4972, -2.2561], "idp_out": "450001de06", "entropy": 7.838299, "num_pkts_out": 4, "idp_len_out": 5, "ip": {"out": {"id": [1648, 1670, 1681, 1684], "ttl": 255}}, "expire_type": "a", "total_entropy": 14108.938694, "sa": "192.168.3.213", "byte_dist": [58, 17, 4, 5, 4, 1, 4, 12, 5, 8, 6, 9, 5, 11, 3, 6, 10, 4, 9, 8, 10, 6, 7, 10, 3, 5, 2, 8, 5, 5, 7, 5, 6, 3, 9, 4, 5, 6, 6, 9, 4, 7, 10, 10, 6, 4, 4, 10, 7, 9, 7, 9, 2, 6, 4, 5, 13, 9, 5, 8, 6, 6, 7, 7, 5, 9, 9, 7, 6, 8, 15, 3, 6, 7, 6, 9, 6, 5, 8, 11, 13, 4, 5, 8, 11, 3, 9, 10, 9, 13, 8, 6, 11, 3, 3, 9, 4, 9, 5, 10, 6, 10, 3, 9, 7, 10, 8, 8, 6, 4, 7, 11, 3, 5, 8, 5, 1, 10, 9, 4, 8, 5, 4, 4, 6, 4, 6, 5, 6, 5, 6, 7, 8, 7, 6, 6, 7, 8, 2, 8, 9, 9, 8, 8, 4, 5, 8, 8, 7, 5, 8, 8, 13, 4, 5, 3, 9, 8, 5, 5, 5, 7, 5, 10, 5, 5, 6, 3, 10, 12, 4, 4, 8, 5, 6, 9, 7, 5, 5, 7, 4, 9, 7, 6, 9, 8, 8, 6, 9, 5, 8, 7, 8, 9, 7, 5, 8, 7, 8, 11, 5, 5, 3, 12, 4, 8, 8, 6, 5, 7, 10, 11, 13, 9, 6, 8, 10, 8, 3, 4, 5, 10, 3, 10, 5, 6, 5, 5, 9, 5, 4, 4, 9, 7, 7, 4, 6, 9, 10, 6, 10, 5, 3, 11, 4, 6, 5, 6, 8, 8, 5, 7, 6, 13, 10, 3], "payload": {"out": "17fefd000100000000001201b500010000000000126cc2edbffcfb0dadd5df2c"}, "dp": 57776, "byte_dist_mean": 124.187222}
{"pr": 1, "time_start": 1536824232.708916, "bytes_out": 280, "sp": null, "packets": [], "time_end": 1536824237.69515, "byte_dist_std": 95.279592, "da": "192.168.3.213", "wht": [106.49, -15.493, -0.77857, 15.064], "idp_out": "45000038ee", "entropy": 4.551758, "num_pkts_out": 10, "idp_len_out": 5, "ip": {"out": {"id": [61055, 40460, 51253, 24577, 28548, 5063, 45473, 15019, 33723, 57137], "ttl": 64}}, "expire_type": "a", "total_entropy": 1274.492188, "sa": "192.168.3.177", "byte_dist": [40, 20, 0, 20, 0, 0, 10, 0, 0, 0, 0, 0, 0, 0, 0, 0, 0, 10, 0, 0, 0, 0, 10, 0, 0, 0, 0, 0, 0, 2, 0, 0, 0, 0, 0, 0, 0, 0, 0, 0, 0, 0, 0, 0, 0, 0, 0, 0, 0, 0, 0, 0, 10, 0, 0, 0, 0, 0, 0, 0, 0, 0, 0, 0, 10, 0, 0, 0, 0, 10, 0, 0, 0, 0, 0, 0, 0, 0, 0, 0, 0, 0, 0, 0, 0, 0, 0, 0, 0, 0, 0, 0, 0, 0, 0, 0, 0, 0, 0, 0, 0, 0, 0, 0, 0, 0, 0, 0, 0, 0, 0, 0, 1, 1, 0, 0, 0, 0, 0, 0, 0, 0, 0, 0, 0, 0, 0, 0, 0, 0, 0, 0, 0, 0, 1, 1, 1, 0, 0, 0, 0, 0, 0, 0, 1, 1, 1, 1, 1, 0, 0, 0, 0, 0, 0, 0, 0, 0, 0, 0, 0, 0, 0, 1, 1, 1, 1, 1, 20, 0, 0, 0, 0, 0, 0, 1, 5, 11, 0, 0, 0, 0, 0, 0, 0, 0, 0, 0, 0, 0, 0, 0, 20, 0, 0, 0, 0, 0, 1, 1, 0, 0, 10, 0, 0, 0, 0, 0, 0, 0, 0, 0, 0, 10, 0, 0, 0, 0, 0, 0, 0, 0, 10, 0, 0, 4, 0, 0, 2, 0, 0, 0, 0, 0, 10, 0, 0, 0, 0, 0, 0, 4, 0, 0, 0, 0, 0, 0, 0, 0, 0, 0, 0, 0, 4, 10], "payload": {"out": "450001de06704000ff11eac7c0a803d5c0a803b11634e1b001ca0000"}, "dp": null, "byte_dist_mean": 106.492857}
{"pr": 17, "time_start": 1536824232.712927, "bytes_out": 1800, "sp": 5684, "packets": [], "time_end": 1536824237.366491, "byte_dist_std": 77.358694, "da": "192.168.3.177", "wht": [123.35, 0.074444, 1.8467, -0.85889], "idp_out": "450001de06", "entropy": 7.801984, "num_pkts_out": 4, "idp_len_out": 5, "ip": {"out": {"id": [1649, 1671, 1680, 1683], "ttl": 255}}, "expire_type": "a", "total_entropy": 14043.5709, "sa": "192.168.3.213", "byte_dist": [54, 16, 11, 13, 4, 5, 4, 11, 6, 6, 11, 4, 5, 9, 5, 6, 15, 14, 7, 9, 7, 6, 8, 13, 9, 6, 4, 6, 4, 7, 6, 8, 9, 13, 11, 7, 8, 3, 7, 8, 7, 5, 7, 3, 3, 8, 3, 8, 9, 7, 7, 1, 6, 4, 2, 4, 2, 3, 5, 5, 7, 4, 5, 4, 9, 7, 5, 7, 6, 10, 11, 4, 7, 7, 5, 7, 13, 10, 8, 8, 11, 5, 8, 7, 8, 10, 11, 7, 8, 10, 5, 7, 8, 6, 7, 9, 2, 5, 4, 5, 4, 4, 5, 9, 5, 3, 12, 4, 5, 7, 6, 9, 4, 7, 5, 1, 7, 8, 4, 4, 5, 6, 9, 3, 5, 11, 6, 9, 8, 8, 4, 5, 6, 6, 2, 7, 6, 2, 11, 15, 10, 13, 4, 7, 6, 11, 6, 4, 1, 10, 6, 3, 3, 1, 10, 8, 9, 8, 15, 7, 10, 3, 8, 5, 8, 3, 5, 7, 2, 3, 12, 5, 4, 9, 9, 4, 8, 4, 10, 5, 13, 7, 11, 7, 5, 13, 10, 4, 3, 10, 4, 5, 5, 10, 2, 2, 3, 12, 13, 6, 8, 4, 13, 5, 9, 7, 12, 4, 4, 4, 12, 9, 6, 11, 4, 5, 4, 10, 5, 3, 11, 7, 7, 2, 5, 5, 11, 8, 3, 10, 12, 6, 4, 6, 2, 9, 13, 7, 4, 3, 8, 4, 8, 8, 4, 4, 5, 8, 10, 10, 6, 9, 6, 12, 10, 5], "payload": {"out": "17fefd000100000000001001b50001000000000010c36c9124b91f07fffc9a4f"}, "dp": 61950, "byte_dist_mean": 123.353333}
{"ip": {"in": {"id": [1657, 1658, 1659, 1660, 1661, 1662, 1663, 1664, 1665, 1666, 1667, 1668, 1669, 1673, 1674, 1675, 1676, 1677, 1678, 1679], "ttl": 255}, "out": {"id": [52474, 61328, 37951, 2054, 4158, 59373, 16126, 12496, 47541, 54139, 35515, 45873, 4303, 62187, 24967, 7210, 58610, 46251, 51368], "ttl": 64}}, "idp_in": "4500005806", "time_end": 1536824235.118143, "expire_type": "a", "entropy": 2.133208, "payload": {"in": "16fefd0000000000000000002f030000230000000000000023fefd20ab9d85f4", "out": "16fefd000000000000000000380100002c000000000000002cfefd48959b0b3a"}, "num_pkts_out": 19,