{"pr": 17, "time_start": 1536825827.563883, "bytes_out": 83, "sp": 5353, "packets": [], "time_end": 1536825827.563883, "byte_dist_std": 54.035678, "da": "224.0.0.251", "wht": [66.59, -5.1687, 1.7229, -2.0843], "idp_out": "4500006f25", "entropy": 4.403209, "num_pkts_out": 1, "idp_len_out": 5, "ip": {"out": {"id": [9605], "ttl": 255}}, "expire_type": "i", "total_entropy": 365.466325, "sa": "192.168.3.177", "byte_dist": [18, 3, 0, 1, 2, 1, 0, 0, 1, 0, 0, 0, 4, 0, 0, 1, 0, 0, 0, 0, 0, 1, 0, 0, 0, 0, 1, 0, 0, 0, 0, 0, 0, 0, 0, 0, 0, 0, 0, 0, 0, 0, 0, 0, 0, 2, 0, 0, 0, 0, 0, 0, 0, 0, 0, 0, 0, 0, 0, 0, 0, 0, 0, 0, 0, 0, 0, 0, 0, 0, 0, 0, 0, 0, 0, 0, 0, 0, 0, 0, 0, 0, 0, 0, 0, 0, 0, 0, 0, 0, 0, 0, 0, 0, 0, 5, 0, 2, 0, 3, 1, 3, 0, 0, 1, 3, 0, 2, 4, 2, 3, 5, 5, 0, 1, 1, 2, 1, 0, 0, 1, 1, 0, 0, 0, 0, 0, 0, 0, 0, 0, 0, 0, 0, 0, 0, 0, 0, 0, 0, 0, 0, 0, 0, 0, 0, 0, 0, 0, 0, 0, 0, 0, 0, 0, 0, 0, 0, 0, 0, 0, 0, 0, 0, 0, 0, 0, 0, 0, 0, 0, 0, 0, 0, 0, 0, 0, 0, 0, 0, 0, 0, 0, 0, 0, 0, 0, 0, 0, 0, 0, 0, 2, 0, 0, 0, 0, 0, 0, 0, 0, 0, 0, 0, 0, 0, 0, 0, 0, 0, 0, 0, 0, 0, 0, 0, 0, 0, 0, 0, 0, 0, 0, 0, 0, 0, 0, 0, 0, 0, 0, 0, 0, 0, 0, 0, 0, 0, 0, 0, 0, 0, 0, 0, 0, 0, 0, 0, 0, 0, 0, 0, 0, 0, 0, 0], "payload": {"out": "000000000003000000000000085f686f6d656b6974045f746370056c6f63616c"}, "dp": 5353, "byte_dist_mean": 66.590361}
{"ip": {"in": {"id": [208, 209, 210, 211, 212, 213, 214, 215, 216, 217, 219], "ttl": 255}, "out": {"id": [15119, 11324, 27777, 15949, 824, 11259, 31528, 23634, 14120, 34208, 13695], "ttl": 64}}, "idp_in": "4500004100", "time_end": 1536825862.024334, "expire_type": "a", "entropy": 4.079377, "payload": {"in": "17fefd0001000000000079001800010000000000797678522390a7043c904bdd", "out": "17fefd00010000000000790041000000000000007918ac968adfee06d9249976"}, "num_pkts_out": 11, "pr": 17, "time_start": 1536825828.65912, "bytes_in": 2270, "num_pkts_in": 11, "bytes_out": 613, "byte_dist_std": 64.820152, "da": "192.168.3.213", "wht": [112.57, 3.4145, -2.0194, -4.7936], "byte_dist_mean": 112.573708, "idp_len_out": 5, "total_entropy": 11760.843019, "byte_dist": [149, 23, 3, 3, 3, 2, 4, 4, 4, 5, 6, 6, 5, 7, 7, 4, 3, 5, 5, 3, 7, 7, 6, 13, 6, 4, 4, 7, 6, 3, 5, 5, 5, 5, 5, 5, 4, 5, 5, 7, 6, 8, 3, 2, 3, 4, 5, 6, 5, 5, 2, 8, 4, 4, 3, 6, 2, 6, 6, 4, 2, 6, 3, 5, 5, 6, 4, 4, 5, 5, 4, 7, 7, 2, 5, 7, 6, 5, 4, 6, 3, 3, 4, 1, 5, 4, 4, 2, 7, 3, 3, 2, 5, 5, 8, 4, 4, 3, 4, 5, 7, 4, 4, 9, 7, 5, 4, 6, 6, 6, 3, 4, 3, 5, 4, 3, 8, 4, 5, 2, 5, 8, 7, 8, 9, 7, 4, 4, 6, 7, 6, 4, 4, 1, 2, 4, 8, 3, 7, 4, 4, 3, 4, 6, 2, 3, 5, 6, 4, 5, 7, 3, 4, 4, 3, 3, 5, 4, 3, 5, 4, 5, 2, 5, 3, 5, 5, 6, 6, 5, 3, 5, 5, 6, 5, 3, 5, 3, 5, 4, 6, 4, 4, 3, 6, 3, 6, 4, 5, 4, 3, 4, 3, 6, 6, 4, 5, 4, 3, 4, 3, 4, 5, 4, 7, 5, 5, 3, 4, 3, 5, 4, 4, 3, 3, 3, 5, 6, 3, 7, 3, 4, 7, 5, 3, 7, 6, 7, 4, 4, 7, 4, 8, 1, 2, 6, 3, 6, 6, 6, 3, 4, 5, 5, 5, 3, 5, 2, 3, 5, 6, 4, 3, 13, 15, 3], "dp": 5684, "idp_len_in": 5, "sp": 56940, "packets": [], "idp_out": "4500006a3b", "sa": "192.168.3.177"}
{"pr": 2, "time_start": 1536825841.331153, "bytes_out": 8, "sp": null, "packets": [], "time_end": 1536825841.331153, "byte_dist_std": 91.374817, "da": "224.0.0.1", "wht": [63.75, 0, -34.5, -20.75], "idp_out": "46c0002000", "entropy": 2.0, "num_pkts_out": 1, "idp_len_out": 5, "ip": {"out": {"id": [0], "ttl": 1}}, "expire_type": "i", "total_entropy": 16.0, "sa": "0.0.0.0", "byte_dist": [4, 0, 0, 0, 0, 0, 0, 0, 0, 0, 0, 0, 0, 0, 0, 0, 0, 1, 0, 0, 0, 0, 0, 0, 0, 0, 0, 0, 0, 0, 0, 0, 0, 0, 0, 0, 0, 0, 0, 0, 0, 0, 0, 0, 0, 0, 0, 0, 0, 0, 0, 0, 0, 0, 0, 0, 0, 0, 0, 0, 0, 0, 0, 0, 0, 0, 0, 0, 0, 0, 0, 0, 0, 0, 0, 0, 0, 0, 0, 0, 0, 0, 0, 0, 0, 0, 0, 0, 0, 0, 0, 0, 0, 0, 0, 0, 0, 0, 0, 0, 1, 0, 0, 0, 0, 0, 0, 0, 0, 0, 0, 0, 0, 0, 0, 0, 0, 0, 0, 0, 0, 0, 0, 0, 0, 0, 0, 0, 0, 0, 0, 0, 0, 0, 0, 0, 0, 0, 0, 0, 0, 0, 0, 0, 0, 0, 0, 0, 0, 0, 0, 0, 0, 0, 0, 1, 0, 0, 0, 0, 0, 0, 0, 0, 0, 0, 0, 0, 0, 0, 0, 0, 0, 0, 0, 0, 0, 0, 0, 0, 0, 0, 0, 0, 0, 0, 0, 0, 0, 0, 0, 0, 0, 0, 0, 0, 0, 0, 0, 0, 0, 0, 0, 0, 0, 0, 0, 0, 0, 0, 0, 0, 0, 0, 0, 0, 0, 0, 0, 0, 0, 0, 0, 0, 0, 0, 0, 0, 0, 0, 0, 0, 0, 0, 0, 0, 0, 0, 1, 0, 0, 0, 0, 0, 0, 0, 0, 0, 0, 0, 0, 0, 0, 0, 0, 0], "payload": {"out": "1164ee9b00000000"}, "dp": null, "byte_dist_mean": 63.75}
{"pr": 2, "time_start": 1536825844.839973, "bytes_out": 8, "sp": null, "packets": [], "time_end": 1536825844.839973, "byte_dist_std": 107.733467, "da": "224.0.0.251", "wht": [63.75, 0, -2.25, 61.5], "idp_out": "4600002000", "entropy": 2.405639, "num_pkts_out": 1, "idp_len_out": 5, "ip": {"out": {"id": [218], "ttl": 1}}, "expire_type": "i", "total_entropy": 19.245111, "sa": "192.168.3.213", "byte_dist": [3, 0, 0, 0, 1, 0, 0, 0, 0, 1, 0, 0, 0, 0, 0, 0, 0, 0, 0, 0, 0, 0, 1, 0, 0, 0, 0, 0, 0, 0, 0, 0, 0, 0, 0, 0, 0, 0, 0, 0, 0, 0, 0, 0, 0, 0, 0, 0, 0, 0, 0, 0, 0, 0, 0, 0, 0, 0, 0, 0, 0, 0, 0, 0, 0, 0, 0, 0, 0, 0, 0, 0, 0, 0, 0, 0, 0, 0, 0, 0, 0, 0, 0, 0, 0, 0, 0, 0, 0, 0, 0, 0, 0, 0, 0, 0, 0, 0, 0, 0, 0, 0, 0, 0, 0, 0, 0, 0, 0, 0, 0, 0, 0, 0, 0, 0, 0, 0, 0, 0, 0, 0, 0, 0, 0, 0, 0, 0, 0, 0, 0, 0, 0, 0, 0, 0, 0, 0, 0, 0, 0, 0, 0, 0, 0, 0, 0, 0, 0, 0, 0, 0, 0, 0, 0, 0, 0, 0, 0, 0, 0, 0, 0, 0, 0, 0, 0, 0, 0, 0, 0, 0, 0, 0, 0, 0, 0, 0, 0, 0, 0, 0, 0, 0, 0, 0, 0, 0, 0, 0, 0, 0, 0, 0, 0, 0, 0, 0, 0, 0, 0, 0, 0, 0, 0, 0, 0, 0, 0, 0, 0, 0, 0, 0, 0, 0, 0, 0, 0, 0, 0, 0, 0, 0, 1, 0, 0, 0, 0, 0, 0, 0, 0, 0, 0, 0, 0, 0, 0, 0, 0, 0, 0, 0, 0, 0, 0, 0, 0, 0, 0, 1, 0, 0, 0, 0], "payload": {"out": "16000904e00000fb"}, "dp": null, "byte_dist_mean": 63.75}
