{"pr": 2, "time_start": 1533196937.163116, "bytes_out": 8, "sp": null, "packets": [], "time_end": 1533196937.163116, "byte_dist_std": 91.374817, "da": "224.0.0.1", "wht": [63.75, 0, -34.5, -20.75], "idp_out": "46c0002000", "entropy": 2.0, "num_pkts_out": 1, "idp_len_out": 5, "ip": {"out": {"id": [0], "ttl": 1}}, "expire_type": "i", "total_entropy": 16.0, "sa": "0.0.0.0", "byte_dist": [4, 0, 0, 0, 0, 0, 0, 0, 0, 0, 0, 0, 0, 0, 0, 0, 0, 1, 0, 0, 0, 0, 0, 0, 0, 0, 0, 0, 0, 0, 0, 0, 0, 0, 0, 0, 0, 0, 0, 0, 0, 0, 0, 0, 0, 0, 0, 0, 0, 0, 0, 0, 0, 0, 0, 0, 0, 0, 0, 0, 0, 0, 0, 0, 0, 0, 0, 0, 0, 0, 0, 0, 0, 0, 0, 0, 0, 0, 0, 0, 0, 0, 0, 0, 0, 0, 0, 0, 0, 0, 0, 0, 0, 0, 0, 0, 0, 0, 0, 0, 1, 0, 0, 0, 0, 0, 0, 0, 0, 0, 0, 0, 0, 0, 0, 0, 0, 0, 0, 0, 0, 0, 0, 0, 0, 0, 0, 0, 0, 0, 0, 0, 0, 0, 0, 0, 0, 0, 0, 0, 0, 0, 0, 0, 0, 0, 0, 0, 0, 0, 0, 0, 0, 0, 0, 1, 0, 0, 0, 0, 0, 0, 0, 0, 0, 0, 0, 0, 0, 0, 0, 0, 0, 0, 0, 0, 0, 0, 0, 0, 0, 0, 0, 0, 0, 0, 0, 0, 0, 0, 0, 0, 0, 0, 0, 0, 0, 0, 0, 0, 0, 0, 0, 0, 0, 0, 0, 0, 0, 0, 0, 0, 0, 0, 0, 0, 0, 0, 0, 0, 0, 0, 0, 0, 0, 0, 0, 0, 0, 0, 0, 0, 0, 0, 0, 0, 0, 0, 1, 0, 0, 0, 0, 0, 0, 0, 0, 0, 0, 0, 0, 0, 0, 0, 0, 0], "payload": {"out": "1164ee9b00000000"}, "dp": null, "byte_dist_mean": 63.75}
{"pr": 2, "time_start": 1533196939.18745, "bytes_out": 8, "sp": null, "packets": [], "time_end": 1533196939.18745, "byte_dist_std": 107.733467, "da": "224.0.0.251", "wht": [63.75, 0, -2.25, 61.5], "idp_out": "4600002000", "entropy": 2.405639, "num_pkts_out": 1, "idp_len_out": 5, "ip": {"out": {"id": [79], "ttl": 1}}, "expire_type": "i", "total_entropy": 19.245111, "sa": "192.168.3.213", "byte_dist": [3, 0, 0, 0, 1, 0, 0, 0, 0, 1, 0, 0, 0, 0, 0, 0, 0, 0, 0, 0, 0, 0, 1, 0, 0, 0, 0, 0, 0, 0, 0, 0, 0, 0, 0, 0, 0, 0, 0, 0, 0, 0, 0, 0, 0, 0, 0, 0, 0, 0, 0, 0, 0, 0, 0, 0, 0, 0, 0, 0, 0, 0, 0, 0, 0, 0, 0, 0, 0, 0, 0, 0, 0, 0, 0, 0, 0, 0, 0, 0, 0, 0, 0, 0, 0, 0, 0, 0, 0, 0, 0, 0, 0, 0, 0, 0, 0, 0, 0, 0, 0, 0, 0, 0, 0, 0, 0, 0, 0, 0, 0, 0, 0, 0, 0, 0, 0, 0, 0, 0, 0, 0, 0, 0, 0, 0, 0, 0, 0, 0, 0, 0, 0, 0, 0, 0, 0, 0, 0, 0, 0, 0, 0, 0, 0, 0, 0, 0, 0, 0, 0, 0, 0, 0, 0, 0, 0, 0, 0, 0, 0, 0, 0, 0, 0, 0, 0, 0, 0, 0, 0, 0, 0, 0, 0, 0, 0, 0, 0, 0, 0, 0, 0, 0, 0, 0, 0, 0, 0, 0, 0, 0, 0, 0, 0, 0, 0, 0, 0, 0, 0, 0, 0, 0, 0, 0, 0, 0, 0, 0, 0, 0, 0, 0, 0, 0, 0, 0, 0, 0, 0, 0, 0, 0, 1, 0, 0, 0, 0, 0, 0, 0, 0, 0, 0, 0, 0, 0, 0, 0, 0, 0, 0, 0, 0, 0, 0, 0, 0, 0, 0, 1, 0, 0, 0, 0], "payload": {"out": "16000904e00000fb"}, "dp": null, "byte_dist_mean": 63.75}
{"ip": {"out": {"id": [22718], "ttl": 255}}, "time_end": 1533196946.132846, "expire_type": "i", "entropy": 2.01924, "payload": {"out": "010106008d61fb230000000000000000000000000000000000000000404d7f60"}, "num_pkts_out": 1, "pr": 17, "time_start": 1533196946.132846, "dhcp": [{"hlen": "6", "xid": "2372008739", "ciaddr": "0.0.0.0", "hops": "0", "giaddr": "0.0.0.0", "chaddr": "404d7f60834400000000000000000000", "yiaddr": "0.0.0.0", "secs": "0", "flags": "0", "htype": "1", "siaddr": "0.0.0.0", "options": [{"msg_type": "DHCPREQUEST"}, {"parameter_list": "017903060f77fc"}, {"max_msg_size": "05dc"}, {"client_id": "01404d7f608344"}, {"address_request": "c0a8039a"}, {"address_time": "0076a700"}, {"hostname": "446f6d696e696b2d536f756b7570"}], "op": "1"}], "bytes_out": 300, "byte_dist_std": 46.505181, "da": "255.255.255.255", "wht": [18.857, -0.62333, -1.8233, 1.9367], "byte_dist_mean": 18.856667, "idp_len_out": 5, "total_entropy": 605.772042, "byte_dist": [231, 5, 1, 3, 2, 1, 2, 2, 0, 0, 0, 0, 1, 0, 1, 1, 0, 0, 0, 0, 0, 0, 0, 0, 0, 0, 0, 0, 0, 0, 0, 0, 0, 0, 0, 1, 0, 0, 0, 0, 0, 0, 0, 0, 0, 1, 0, 0, 0, 0, 1, 1, 0, 1, 0, 1, 0, 1, 0, 0, 0, 1, 0, 0, 2, 0, 0, 0, 3, 0, 0, 0, 0, 0, 0, 0, 0, 2, 0, 0, 0, 0, 0, 2, 0, 0, 0, 0, 0, 0, 0, 0, 0, 0, 0, 0, 2, 1, 0, 2, 0, 0, 0, 0, 0, 2, 0, 2, 0, 1, 1, 2, 1, 0, 0, 0, 0, 2, 1, 1, 0, 1, 0, 0, 0, 0, 0, 2, 0, 0, 1, 2, 0, 0, 0, 0, 0, 0, 0, 0, 0, 1, 0, 0, 0, 0, 0, 0, 0, 0, 0, 0, 0, 0, 1, 0, 0, 0, 0, 0, 0, 0, 0, 0, 0, 0, 0, 1, 1, 0, 0, 0, 0, 0, 0, 0, 0, 0, 0, 0, 0, 0, 0, 0, 0, 0, 0, 0, 0, 0, 0, 0, 1, 0, 0, 0, 0, 0, 0, 0, 0, 0, 0, 0, 0, 0, 0, 0, 0, 0, 0, 0, 0, 0, 0, 0, 0, 0, 0, 0, 1, 0, 0, 0, 0, 0, 0, 0, 0, 0, 0, 0, 0, 0, 0, 0, 0, 0, 0, 0, 0, 0, 0, 0, 0, 0, 0, 0, 0, 0, 0, 1, 1, 0, 0, 1], "dp": 67, "sp": 68, "packets": [], "idp_out": "4500014858", "sa": "0.0.0.0"}
{"pr": 17, "time_start": 1533196946.319297, "bytes_out": 556, "sp": 5353, "packets": [], "time_end": 1533196959.361484, "byte_dist_std": 55.151189, "da": "224.0.0.251", "wht": [65.597, 3.4676, -3.8705, 0.90647], "idp_out": "450000a745", "entropy": 4.823774, "num_pkts_out": 4, "idp_len_out": 5, "ip": {"out": {"id": [17773, 45202, 46492, 42911], "ttl": 255}}, "total_entropy": 2682.018532, "sa": "192.168.3.154", "byte_dist": [111, 24, 0, 0, 12, 16, 0, 0, 8, 0, 0, 0, 24, 0, 4, 4, 0, 4, 8, 0, 0, 12, 0, 0, 0, 0, 4, 0, 0, 0, 0, 0, 0, 0, 0, 0, 0, 0, 0, 0, 0, 4, 0, 0, 0, 8, 0, 0, 0, 0, 0, 0, 0, 0, 0, 0, 0, 0, 0, 0, 0, 0, 0, 0, 4, 0, 0, 0, 8, 0, 0, 0, 0, 0, 0, 0, 0, 8, 0, 0, 0, 0, 0, 0, 0, 0, 0, 0, 0, 0, 0, 0, 0, 0, 0, 28, 8, 20, 4, 12, 4, 12, 0, 0, 4, 16, 0, 8, 20, 8, 12, 24, 28, 0, 12, 4, 8, 4, 0, 0, 4, 8, 0, 0, 0, 0, 0, 8, 5, 0, 0, 8, 0, 0, 0, 0, 0, 0, 0, 0, 0, 0, 0, 0, 0, 0, 0, 0, 4, 0, 0, 0, 0, 0, 0, 0, 0, 0, 0, 0, 4, 0, 0, 0, 0, 0, 0, 0, 0, 0, 0, 0, 0, 0, 0, 0, 0, 0, 0, 0, 0, 0, 0, 0, 0, 0, 0, 0, 0, 0, 0, 0, 16, 0, 0, 0, 0, 0, 0, 0, 0, 0, 0, 0, 0, 0, 0, 0, 0, 0, 0, 0, 0, 0, 0, 0, 0, 0, 0, 0, 0, 0, 0, 0, 0, 0, 0, 0, 0, 0, 0, 0, 0, 0, 0, 0, 0, 0, 0, 0, 0, 0, 0, 0, 0, 0, 0, 0, 0, 0, 0, 0, 0, 0, 0, 0], "payload": {"out": "000000000005000000000001085f686f6d656b6974045f746370056c6f63616c"}, "dp": 5353, "byte_dist_mean": 65.597122}
{"ip": {"in": {"id": [80, 81, 82, 83, 84, 85, 86, 87, 88, 89, 90, 91, 92, 93, 94, 95, 96, 97, 98, 99, 100, 101], "ttl": 255}, "out": {"id": [43932, 5763, 50110, 38943, 17887, 8086, 26693, 27040, 5068, 46404, 20426, 35198, 9340, 19274, 17587, 683, 51621, 35745, 19111, 57177, 31221], "ttl": 64}}, "idp_in": "4500005800", "time_end": 1533196957.472768, "entropy": 2.168922, "payload": {"in": "16fefd0000000000000000002f030000230000000000000023fefd205242d496", "out": "16fefd000000000000000000380100002c000000000000002cfefd711836071c"}, "num_pkts_out": 21, "pr": 17, "time_start": 1533196957.098353, "bytes_in": 3437, "num_pkts_in": 22, "bytes_out": 1214, "byte_dist_std": 65.084396, "da": "192.168.3.213", "wht": [108.47, 2.4928, 1.2651, -4.5982], "byte_dist_mean": 108.467856, "idp_len_out": 5, "total_entropy": 10087.655978, "byte_dist": [157, 23, 6, 4, 4, 5, 5, 5, 4, 5, 4, 4, 4, 2, 5, 4, 4, 4, 4, 5, 5, 4, 6, 13, 4, 2, 3, 4, 5, 2, 3, 4, 5, 3, 3, 4, 3, 4, 4, 4, 5, 1, 5, 5, 3, 4, 2, 5, 3, 3, 4, 3, 1, 2, 3, 5, 4, 3, 4, 3, 2, 3, 4, 2, 3, 4, 6, 4, 3, 2, 2, 3, 3, 4, 3, 2, 3, 3, 2, 3, 2, 4, 3, 4, 3, 4, 4, 3, 4, 1, 3, 4, 3, 4, 3, 4, 2, 2, 3, 4, 3, 3, 4, 3, 3, 2, 2, 5, 3, 4, 4, 2, 3, 6, 3, 3, 3, 2, 5, 3, 4, 3, 5, 1, 3, 3, 3, 4, 3, 3, 4, 3, 2, 4, 3, 5, 2, 3, 5, 2, 3, 3, 3, 5, 2, 3, 4, 2, 4, 3, 2, 3, 1, 4, 3, 2, 3, 5, 5, 3, 2, 4, 3, 2, 3, 3, 3, 4, 5, 2, 3, 3, 4, 3, 5, 1, 3, 3, 3, 5, 2, 3, 5, 3, 1, 2, 5, 3, 4, 3, 2, 4, 4, 2, 3, 4, 4, 5, 4, 3, 4, 3, 4, 3, 4, 2, 4, 1, 2, 3, 3, 4, 4, 3, 3, 3, 3, 4, 4, 5, 5, 6, 4, 4, 5, 1, 5, 4, 3, 3, 3, 2, 5, 4, 5, 3, 2, 2, 4, 2, 3, 3, 5, 4, 2, 4, 3, 4, 2, 4, 4, 2, 4, 15, 14, 1], "dp": 5684, "idp_len_in": 5, "sp": 50101, "packets": [], "idp_out": "45000061ab", "sa": "192.168.3.154"}
