{"pr": 17, "time_start": 1542219169.674204, "bytes_out": 153, "sp": 5353, "packets": [], "time_end": 1542219169.674204, "byte_dist_std": 62.527443, "da": "224.0.0.251", "wht": [68.902, 7.3464, 1.9216, 2.4837], "idp_out": "450000b574", "entropy": 5.037525, "num_pkts_out": 1, "idp_len_out": 5, "ip": {"out": {"id": [29792], "ttl": 255}}, "expire_type": "i", "total_entropy": 770.741279, "sa": "192.168.3.177", "byte_dist": [32, 7, 0, 0, 5, 2, 0, 2, 1, 0, 0, 0, 6, 0, 1, 2, 0, 1, 2, 0, 0, 0, 0, 0, 0, 0, 0, 0, 2, 0, 0, 0, 1, 1, 0, 0, 0, 0, 0, 0, 0, 1, 0, 0, 2, 2, 0, 0, 0, 0, 0, 0, 0, 0, 0, 0, 0, 0, 0, 0, 0, 0, 0, 0, 0, 1, 0, 0, 1, 0, 1, 0, 0, 1, 0, 0, 0, 0, 0, 0, 0, 0, 2, 0, 1, 0, 0, 0, 0, 0, 0, 0, 0, 0, 0, 6, 0, 5, 0, 3, 1, 4, 0, 1, 2, 3, 0, 2, 4, 2, 3, 5, 6, 0, 1, 1, 3, 1, 0, 1, 1, 2, 0, 0, 0, 0, 0, 0, 0, 0, 0, 2, 0, 0, 0, 0, 1, 0, 0, 0, 0, 0, 0, 0, 0, 0, 0, 0, 1, 0, 0, 0, 0, 0, 0, 0, 0, 0, 0, 0, 1, 0, 0, 0, 2, 0, 0, 0, 0, 0, 1, 0, 0, 0, 2, 0, 0, 0, 0, 0, 0, 0, 0, 0, 0, 0, 0, 0, 0, 0, 1, 0, 5, 0, 0, 0, 0, 0, 0, 0, 0, 0, 0, 0, 0, 0, 0, 0, 0, 0, 0, 0, 0, 0, 0, 0, 1, 0, 0, 0, 0, 0, 0, 0, 0, 0, 0, 2, 0, 0, 0, 0, 0, 0, 0, 0, 0, 0, 0, 0, 0, 0, 0, 0, 0, 0, 0, 0, 0, 0, 0, 0, 0, 0, 0, 0], "payload": {"out": "0000000000040001000000010f5f636f6d70616e696f6e2d6c696e6b045f7463"}, "dp": 5353, "byte_dist_mean": 68.901961}
{"ip": {"in": {"id": [586, 587, 588, 589, 590, 591, 592, 593, 594, 595, 596, 597, 598, 599, 600, 601], "ttl": 255}, "out": {"id": [7110, 49307, 43010, 45416, 63192, 31894, 49044, 18793, 37534, 61457, 60753, 55084, 48182, 36678, 60682, 37120], "ttl": 64}}, "idp_in": "4500004102", "time_end": 1542219182.733929, "expire_type": "a", "entropy": 4.201303, "payload": {"in": "17fefd000100000000002000180001000000000020dcf87dca335e6a799db55b", "out": "17fefd0001000000000020004d0000000000000020c3c4ae8fe1b3e49a26e192"}, "num_pkts_out": 16, "pr": 17, "time_start": 1542219176.393513, "bytes_in": 3786, "num_pkts_in": 16, "bytes_out": 872, "byte_dist_std": 65.77481, "da": "192.168.3.213", "wht": [114.17, 0.36217, 0.10455, -5.664], "byte_dist_mean": 114.165092, "idp_len_out": 5, "total_entropy": 19569.667177, "byte_dist": [220, 38, 6, 11, 5, 10, 6, 8, 7, 5, 5, 5, 6, 8, 8, 6, 5, 7, 9, 7, 17, 9, 5, 24, 13, 9, 6, 9, 8, 5, 10, 8, 8, 10, 8, 8, 9, 10, 7, 11, 10, 8, 8, 8, 9, 11, 10, 8, 10, 11, 6, 6, 6, 7, 6, 10, 8, 6, 8, 6, 8, 8, 5, 7, 4, 11, 8, 7, 5, 8, 11, 10, 5, 5, 7, 8, 10, 11, 9, 8, 9, 5, 9, 6, 8, 12, 11, 10, 9, 8, 9, 5, 8, 5, 10, 7, 4, 11, 9, 5, 4, 7, 7, 7, 6, 9, 8, 8, 9, 9, 4, 2, 10, 9, 7, 8, 5, 5, 7, 7, 8, 6, 5, 7, 9, 6, 10, 10, 8, 8, 12, 7, 8, 10, 9, 8, 9, 10, 9, 4, 4, 5, 7, 9, 7, 6, 11, 6, 8, 6, 6, 8, 7, 7, 7, 7, 10, 12, 9, 6, 7, 7, 11, 10, 11, 9, 8, 10, 8, 6, 9, 7, 12, 6, 10, 6, 7, 10, 5, 6, 8, 9, 7, 5, 12, 8, 9, 7, 9, 7, 9, 5, 9, 5, 6, 10, 7, 11, 6, 5, 9, 9, 7, 8, 4, 4, 7, 8, 6, 5, 4, 10, 9, 10, 8, 11, 8, 8, 6, 6, 7, 6, 5, 10, 11, 6, 4, 6, 13, 11, 10, 8, 5, 9, 5, 8, 8, 7, 6, 4, 5, 7, 6, 10, 4, 5, 8, 7, 10, 7, 9, 8, 7, 24, 25, 9], "dp": 5684, "idp_len_in": 5, "sp": 65290, "packets": [], "idp_out": "450000761b", "sa": "192.168.3.177"}
{"pr": 2, "time_start": 1542219208.669054, "bytes_out": 8, "sp": null, "packets": [], "time_end": 1542219208.669054, "byte_dist_std": 91.374817, "da": "224.0.0.1", "wht": [63.75, 0, -34.5, -20.75], "idp_out": "46c0002000", "entropy": 2.0, "num_pkts_out": 1, "idp_len_out": 5, "ip": {"out": {"id": [0], "ttl": 1}}, "expire_type": "i", "total_entropy": 16.0, "sa": "0.0.0.0", "byte_dist": [4, 0, 0, 0, 0, 0, 0, 0, 0, 0, 0, 0, 0, 0, 0, 0, 0, 1, 0, 0, 0, 0, 0, 0, 0, 0, 0, 0, 0, 0, 0, 0, 0, 0, 0, 0, 0, 0, 0, 0, 0, 0, 0, 0, 0, 0, 0, 0, 0, 0, 0, 0, 0, 0, 0, 0, 0, 0, 0, 0, 0, 0, 0, 0, 0, 0, 0, 0, 0, 0, 0, 0, 0, 0, 0, 0, 0, 0, 0, 0, 0, 0, 0, 0, 0, 0, 0, 0, 0, 0, 0, 0, 0, 0, 0, 0, 0, 0, 0, 0, 1, 0, 0, 0, 0, 0, 0, 0, 0, 0, 0, 0, 0, 0, 0, 0, 0, 0, 0, 0, 0, 0, 0, 0, 0, 0, 0, 0, 0, 0, 0, 0, 0, 0, 0, 0, 0, 0, 0, 0, 0, 0, 0, 0, 0, 0, 0, 0, 0, 0, 0, 0, 0, 0, 0, 1, 0, 0, 0, 0, 0, 0, 0, 0, 0, 0, 0, 0, 0, 0, 0, 0, 0, 0, 0, 0, 0, 0, 0, 0, 0, 0, 0, 0, 0, 0, 0, 0, 0, 0, 0, 0, 0, 0, 0, 0, 0, 0, 0, 0, 0, 0, 0, 0, 0, 0, 0, 0, 0, 0, 0, 0, 0, 0, 0, 0, 0, 0, 0, 0, 0, 0, 0, 0, 0, 0, 0, 0, 0, 0, 0, 0, 0, 0, 0, 0, 0, 0, 1, 0, 0, 0, 0, 0, 0, 0, 0, 0, 0, 0, 0, 0, 0, 0, 0, 0], "payload": {"out": "1164ee9b00000000"}, "dp": null, "byte_dist_mean": 63.75}
{"pr": 2, "time_start": 1542219212.461055, "bytes_out": 8, "sp": null, "packets": [], "time_end": 1542219212.461055, "byte_dist_std": 107.733467, "da": "224.0.0.251", "wht": [63.75, 0, -2.25, 61.5], "idp_out": "4600002002", "entropy": 2.405639, "num_pkts_out": 1, "idp_len_out": 5, "ip": {"out": {"id": [602], "ttl": 1}}, "expire_type": "i", "total_entropy": 19.245111, "sa": "192.168.3.213", "byte_dist": [3, 0, 0, 0, 1, 0, 0, 0, 0, 1, 0, 0, 0, 0, 0, 0, 0, 0, 0, 0, 0, 0, 1, 0, 0, 0, 0, 0, 0, 0, 0, 0, 0, 0, 0, 0, 0, 0, 0, 0, 0, 0, 0, 0, 0, 0, 0, 0, 0, 0, 0, 0, 0, 0, 0, 0, 0, 0, 0, 0, 0, 0, 0, 0, 0, 0, 0, 0, 0, 0, 0, 0, 0, 0, 0, 0, 0, 0, 0, 0, 0, 0, 0, 0, 0, 0, 0, 0, 0, 0, 0, 0, 0, 0, 0, 0, 0, 0, 0, 0, 0, 0, 0, 0, 0, 0, 0, 0, 0, 0, 0, 0, 0, 0, 0, 0, 0, 0, 0, 0, 0, 0, 0, 0, 0, 0, 0, 0, 0, 0, 0, 0, 0, 0, 0, 0, 0, 0, 0, 0, 0, 0, 0, 0, 0, 0, 0, 0, 0, 0, 0, 0, 0, 0, 0, 0, 0, 0, 0, 0, 0, 0, 0, 0, 0, 0, 0, 0, 0, 0, 0, 0, 0, 0, 0, 0, 0, 0, 0, 0, 0, 0, 0, 0, 0, 0, 0, 0, 0, 0, 0, 0, 0, 0, 0, 0, 0, 0, 0, 0, 0, 0, 0, 0, 0, 0, 0, 0, 0, 0, 0, 0, 0, 0, 0, 0, 0, 0, 0, 0, 0, 0, 0, 0, 1, 0, 0, 0, 0, 0, 0, 0, 0, 0, 0, 0, 0, 0, 0, 0, 0, 0, 0, 0, 0, 0, 0, 0, 0, 0, 0, 1, 0, 0, 0, 0], "payload": {"out": "16000904e00000fb"}, "dp": null, "byte_dist_mean": 63.75}
{"pr": 17, "time_start": 1542219341.676983, "bytes_out": 770, "sp": 5353, "packets": [], "time_end": 1542219341.739905, "byte_dist_std": 52.012569, "da": "224.0.0.251", "wht": [70.829, 3.0364, 0.64156, 1.6701], "idp_out": "4500019d02", "entropy": 5.363899, "num_pkts_out": 2, "idp_len_out": 5, "ip": {"out": {"id": [630, 631], "ttl": 255}}, "expire_type": "i", "total_entropy": 4130.202408, "sa": "192.168.3.213", "byte_dist": [108, 12, 0, 2, 26, 18, 2, 0, 0, 0, 0, 0, 2, 0, 0, 6, 4, 0, 2, 0, 2, 0, 0, 0, 0, 0, 0, 0, 8, 0, 0, 0, 8, 4, 0, 4, 0, 0, 0, 0, 0, 0, 2, 2, 0, 12, 2, 0, 6, 8, 20, 8, 4, 0, 2, 6, 8, 6, 10, 0, 0, 16, 0, 0, 0, 14, 2, 0, 16, 4, 16, 6, 0, 16, 0, 0, 0, 0, 0, 0, 2, 0, 28, 0, 14, 0, 0, 0, 0, 0, 0, 0, 0, 0, 0, 16, 0, 62, 12, 26, 10, 14, 12, 8, 8, 4, 0, 0, 28, 2, 0, 14, 18, 0, 0, 4, 22, 0, 2, 14, 0, 14, 0, 0, 0, 0, 0, 0, 10, 0, 0, 0, 2, 0, 0, 0, 0, 0, 0, 0, 0, 0, 0, 0, 0, 0, 0, 0, 0, 0, 0, 0, 0, 0, 0, 0, 0, 0, 0, 0, 0, 0, 0, 0, 0, 0, 0, 0, 2, 2, 0, 0, 0, 0, 0, 2, 0, 0, 0, 0, 0, 0, 0, 0, 0, 0, 2, 0, 0, 0, 0, 0, 2, 0, 0, 0, 0, 0, 0, 0, 0, 0, 0, 0, 0, 0, 0, 0, 0, 0, 0, 0, 0, 2, 0, 2, 0, 0, 0, 0, 0, 0, 0, 0, 0, 0, 0, 0, 0, 0, 0, 0, 0, 0, 0, 0, 0, 0, 0, 0, 0, 0, 0, 0, 0, 0, 0, 0, 0, 0, 0, 0, 0, 0, 4, 12], "payload": {"out": "000084000000000500000000045f686170045f746370056c6f63616c00000c00"}, "dp": 5353, "byte_dist_mean": 70.828571}
{"pr": 17, "time_start": 1542219495.076698, "bytes_out": 385, "sp": 5353, "packets": [], "time_end": 1542219495.076698, "byte_dist_std": 52.046421, "da": "192.168.3.177", "wht": [70.829, 3.0364, 0.64156, 1.6701], "idp_out": "4500019d02", "entropy": 5.363899, "num_pkts_out": 1, "idp_len_out": 5, "ip": {"out": {"id": [658], "ttl": 255}}, "expire_type": "i", "total_entropy": 2065.101204, "sa": "192.168.3.213",