{"pr": 2, "time_start": 1542218205.147615, "bytes_out": 8, "sp": null, "packets": [], "time_end": 1542218205.147615, "byte_dist_std": 91.374817, "da": "224.0.0.1", "wht": [63.75, 0, -34.5, -20.75], "idp_out": "46c0002000", "entropy": 2.0, "num_pkts_out": 1, "idp_len_out": 5, "ip": {"out": {"id": [0], "ttl": 1}}, "expire_type": "i", "total_entropy": 16.0, "sa": "0.0.0.0", "byte_dist": [4, 0, 0, 0, 0, 0, 0, 0, 0, 0, 0, 0, 0, 0, 0, 0, 0, 1, 0, 0, 0, 0, 0, 0, 0, 0, 0, 0, 0, 0, 0, 0, 0, 0, 0, 0, 0, 0, 0, 0, 0, 0, 0, 0, 0, 0, 0, 0, 0, 0, 0, 0, 0, 0, 0, 0, 0, 0, 0, 0, 0, 0, 0, 0, 0, 0, 0, 0, 0, 0, 0, 0, 0, 0, 0, 0, 0, 0, 0, 0, 0, 0, 0, 0, 0, 0, 0, 0, 0, 0, 0, 0, 0, 0, 0, 0, 0, 0, 0, 0, 1, 0, 0, 0, 0, 0, 0, 0, 0, 0, 0, 0, 0, 0, 0, 0, 0, 0, 0, 0, 0, 0, 0, 0, 0, 0, 0, 0, 0, 0, 0, 0, 0, 0, 0, 0, 0, 0, 0, 0, 0, 0, 0, 0, 0, 0, 0, 0, 0, 0, 0, 0, 0, 0, 0, 1, 0, 0, 0, 0, 0, 0, 0, 0, 0, 0, 0, 0, 0, 0, 0, 0, 0, 0, 0, 0, 0, 0, 0, 0, 0, 0, 0, 0, 0, 0, 0, 0, 0, 0, 0, 0, 0, 0, 0, 0, 0, 0, 0, 0, 0, 0, 0, 0, 0, 0, 0, 0, 0, 0, 0, 0, 0, 0, 0, 0, 0, 0, 0, 0, 0, 0, 0, 0, 0, 0, 0, 0, 0, 0, 0, 0, 0, 0, 0, 0, 0, 0, 1, 0, 0, 0, 0, 0, 0, 0, 0, 0, 0, 0, 0, 0, 0, 0, 0, 0], "payload": {"out": "1164ee9b00000000"}, "dp": null, "byte_dist_mean": 63.75}
{"pr": 2, "time_start": 1542218205.558289, "bytes_out": 8, "sp": null, "packets": [], "time_end": 1542218205.558289, "byte_dist_std": 107.733467, "da": "224.0.0.251", "wht": [63.75, 0, -2.25, 61.5], "idp_out": "4600002001", "entropy": 2.405639, "num_pkts_out": 1, "idp_len_out": 5, "ip": {"out": {"id": [293], "ttl": 1}}, "expire_type": "i", "total_entropy": 19.245111, "sa": "192.168.3.213", "byte_dist": [3, 0, 0, 0, 1, 0, 0, 0, 0, 1, 0, 0, 0, 0, 0, 0, 0, 0, 0, 0, 0, 0, 1, 0, 0, 0, 0, 0, 0, 0, 0, 0, 0, 0, 0, 0, 0, 0, 0, 0, 0, 0, 0, 0, 0, 0, 0, 0, 0, 0, 0, 0, 0, 0, 0, 0, 0, 0, 0, 0, 0, 0, 0, 0, 0, 0, 0, 0, 0, 0, 0, 0, 0, 0, 0, 0, 0, 0, 0, 0, 0, 0, 0, 0, 0, 0, 0, 0, 0, 0, 0, 0, 0, 0, 0, 0, 0, 0, 0, 0, 0, 0, 0, 0, 0, 0, 0, 0, 0, 0, 0, 0, 0, 0, 0, 0, 0, 0, 0, 0, 0, 0, 0, 0, 0, 0, 0, 0, 0, 0, 0, 0, 0, 0, 0, 0, 0, 0, 0, 0, 0, 0, 0, 0, 0, 0, 0, 0, 0, 0, 0, 0, 0, 0, 0, 0, 0, 0, 0, 0, 0, 0, 0, 0, 0, 0, 0, 0, 0, 0, 0, 0, 0, 0, 0, 0, 0, 0, 0, 0, 0, 0, 0, 0, 0, 0, 0, 0, 0, 0, 0, 0, 0, 0, 0, 0, 0, 0, 0, 0, 0, 0, 0, 0, 0, 0, 0, 0, 0, 0, 0, 0, 0, 0, 0, 0, 0, 0, 0, 0, 0, 0, 0, 0, 1, 0, 0, 0, 0, 0, 0, 0, 0, 0, 0, 0, 0, 0, 0, 0, 0, 0, 0, 0, 0, 0, 0, 0, 0, 0, 0, 1, 0, 0, 0, 0], "payload": {"out": "16000904e00000fb"}, "dp": null, "byte_dist_mean": 63.75}
{"pr": 17, "time_start": 1542218206.636853, "bytes_out": 196, "sp": 5353, "packets": [], "time_end": 1542218219.681144, "byte_dist_std": 55.378415, "da": "224.0.0.251", "wht": [54.02, -1.449, 0.10204, 4.7959], "idp_out": "4500004df0", "entropy": 3.674818, "num_pkts_out": 4, "idp_len_out": 5, "ip": {"out": {"id": [61618, 52758, 26455, 29025], "ttl": 255}}, "expire_type": "i", "total_entropy": 720.264242, "sa": "192.168.3.177", "byte_dist": [62, 8, 4, 0, 4, 8, 0, 0, 4, 0, 0, 0, 8, 0, 0, 0, 0, 0, 4, 0, 0, 0, 0, 0, 0, 0, 0, 0, 0, 0, 0, 0, 0, 0, 0, 0, 0, 0, 0, 0, 0, 0, 0, 0, 0, 0, 0, 0, 0, 0, 0, 0, 0, 0, 0, 0, 0, 0, 0, 0, 0, 0, 0, 0, 0, 0, 0, 0, 0, 0, 0, 0, 0, 0, 0, 0, 0, 0, 0, 0, 0, 0, 0, 0, 0, 0, 0, 0, 0, 0, 0, 0, 0, 0, 0, 12, 0, 16, 0, 8, 0, 0, 0, 0, 0, 4, 0, 0, 12, 0, 0, 8, 12, 0, 8, 0, 4, 0, 0, 0, 0, 4, 0, 0, 0, 0, 0, 0, 2, 0, 0, 0, 0, 0, 0, 0, 0, 0, 0, 0, 0, 0, 0, 0, 0, 0, 0, 0, 0, 0, 0, 0, 0, 0, 0, 0, 0, 0, 0, 0, 0, 0, 0, 0, 0, 0, 0, 0, 0, 0, 0, 0, 0, 0, 0, 0, 0, 0, 0, 0, 0, 0, 0, 0, 0, 0, 0, 0, 0, 0, 0, 0, 4, 0, 0, 0, 0, 0, 0, 0, 0, 0, 0, 0, 0, 0, 0, 0, 0, 0, 0, 0, 0, 0, 0, 0, 0, 0, 0, 0, 0, 0, 0, 0, 0, 0, 0, 0, 0, 0, 0, 0, 0, 0, 0, 0, 0, 0, 0, 0, 0, 0, 0, 0, 0, 0, 0, 0, 0, 0, 0, 0, 0, 0, 0, 0], "payload": {"out": "000000000002000000000000055f72616f70045f746370056c6f63616c00000c"}, "dp": 5353, "byte_dist_mean": 54.020408}
{"ip": {"in": {"id": [294, 295, 296, 297, 298, 299, 300, 301, 302, 303, 304, 305, 306, 307, 308, 309, 310, 311, 312, 313, 314, 315, 316, 317, 318, 319, 320, 321, 322, 323, 324, 325, 326, 327, 328, 329, 330, 331, 332, 333, 334, 335, 336, 337, 338, 339, 340, 341, 342, 343], "ttl": 255}, "out": {"id": [20433, 22492, 32889, 20073, 40218, 3793, 63329, 40345, 4285, 10028, 27092, 64816, 6025, 36909, 30335, 39509, 2245, 53818, 38814, 50102, 47850, 34190, 48755, 55049, 25857, 25029, 34300, 50401, 61451, 24294, 50103, 19268, 16410, 11798, 16095, 21564, 59046, 59127, 41121, 1501, 2736, 55002, 41148, 48764, 28716, 33262, 53387, 47278, 49379], "ttl": 64}}, "idp_in": "4500005801", "time_end": 1542218264.46122, "expire_type": "a", "entropy": 0.61737, "payload": {"in": "16fefd0000000000000000002f030000230000000000000023fefd205517701a", "out": "16fefd000000000000000000380100002c000000000000002cfefd22dfb7117e"}, "num_pkts_out": 49, "pr": 17, "time_start": 1542218233.03647, "bytes_in": 9711, "num_pkts_in": 50, "bytes_out": 2615, "byte_dist_std": 65.838571, "da": "192.168.3.213", "wht": [110.53, 0.87774, 0.85015, -3.9662], "byte_dist_mean": 110.529369, "idp_len_out": 5, "total_entropy": 7609.699063, "byte_dist": [132, 16, 3, 3, 2, 2, 3, 2, 2, 2, 1, 2, 4, 3, 3, 2, 3, 2, 2, 2, 4, 2, 2, 9, 2, 2, 2, 2, 3, 2, 2, 4, 2, 3, 2, 2, 3, 2, 3, 2, 2, 2, 2, 1, 3, 3, 1, 3, 3, 2, 3, 2, 3, 2, 2, 2, 2, 2, 3, 2, 2, 1, 3, 3, 2, 1, 3, 1, 2, 2, 1, 3, 1, 2, 2, 1, 2, 2, 2, 2, 3, 1, 1, 1, 2, 2, 2, 1, 1, 2, 3, 3, 2, 2, 3, 3, 2, 2, 2, 2, 2, 2, 2, 2, 2, 2, 2, 2, 2, 2, 2, 2, 3, 2, 2, 1, 2, 2, 2, 1, 2, 2, 1, 1, 1, 2, 2, 2, 2, 3, 2, 2, 3, 1, 2, 2, 1, 2, 2, 2, 2, 2, 1, 2, 2, 2, 3, 2, 2, 1, 2, 3, 2, 1, 3, 2, 1, 2, 2, 2, 2, 1, 2, 3, 1, 2, 2, 1, 2, 1, 3, 2, 2, 1, 3, 1, 2, 2, 2, 2, 2, 3, 2, 2, 2, 2, 2, 2, 2, 1, 2, 2, 3, 2, 1, 2, 2, 2, 2, 2, 1, 1, 2, 2, 3, 1, 1, 2, 2, 2, 1, 1, 2, 2, 2, 2, 2, 3, 2, 2, 2, 2, 1, 2, 1, 2, 2, 1, 1, 1, 3, 3, 2, 4, 2, 1, 1, 1, 3, 1, 1, 2, 2, 2, 3, 2, 3, 2, 1, 2, 1, 2, 1, 11, 12, 1], "dp": 5684, "idp_len_in": 5, "sp": 52664, "packets": [], "idp_out": "450000614f", "sa": "192.168.3.177"}
{"pr": 17, "time_start": 1542218386.578757, "bytes_out": 770, "sp": 5353, "packets": [], "time_end": 1542218386.585723, "byte_dist_std": 52.012569, "da": "224.0.0.251", "wht": [70.829, 3.0364, 0.64156, 1.6701], "idp_out": "4500019d01", "entropy": 5.363899, "num_pkts_out": 2, "idp_len_out": 5, "ip": {"out": {"id": [372, 373], "ttl": 255}}, "expire_type": "a", "total_entropy": 4130.202408, "sa": "192.168.3.213", "byte_dist": [108, 12, 0, 2, 26, 18, 2, 0, 0, 0, 0, 0, 2, 0, 0, 6, 4, 0, 2, 0, 2, 0, 0, 0, 0, 0, 0, 0, 8, 0, 0, 0, 8, 4, 0, 4, 0, 0, 0, 0, 0, 0, 2, 2, 0, 12, 2, 0, 6, 8, 20, 8, 4, 0, 2, 6, 8, 6, 10, 0, 0, 16, 0, 0, 0, 14, 2, 0, 16, 4, 16, 6, 0, 16, 0, 0, 0, 0, 0, 0, 2, 0, 28, 0, 14, 0, 0, 0, 0, 0, 0, 0, 0, 0, 0, 16, 0, 62, 12, 26, 10, 14, 12, 8, 8, 4, 0, 0, 28, 2, 0, 14, 18, 0, 0, 4, 22, 0, 2, 14, 0, 14, 0, 0, 0, 0, 0, 0, 10, 0, 0, 0, 2, 0, 0, 0, 0, 0, 0, 0, 0, 0, 0, 0, 0, 0, 0, 0, 0, 0, 0, 0, 0, 0, 0, 0, 0, 0, 0, 0, 0, 0, 0, 0, 0, 0, 0, 0, 2, 2, 0, 0, 0, 0, 0, 2, 0, 0, 0, 0, 0, 0, 0, 0, 0, 0, 2, 0, 0, 0, 0, 0, 2, 0, 0, 0, 0, 0, 0, 0, 0, 0, 0, 0, 0, 0, 0, 0, 0, 0, 0, 0, 0, 2, 0, 2, 0, 0, 0, 0, 0, 0, 0, 0, 0, 0, 0, 0, 0, 0, 0, 0, 0, 0, 0, 0, 0, 0, 0, 0, 0, 0, 0, 0, 0, 0, 0, 0, 0, 0, 0, 0, 0, 0, 4, 12], "payload": {"out": "000084000000000500000000045f686170045f746370056c6f63616c00000c00"}, "dp": 5353, "byte_dist_mean": 70.828571}
{"pr": 17, "time_start": 1542218475.300835, "bytes_out": 770, "sp": 5353, "packets": [], "time_end": 1542218551.790181, "byte_dist_std": 52.012569, "da": "192.168.3.177", "wht": [70.829, 3.0364, 0.64156, 1.6701], "idp_out": "4500019d01", "entropy": 5.363899, "num_pkts_out": 2, "idp_len_out": 5, "ip": {"out": {"id": [375, 376], "ttl": 255}}, "expire_type": "a", "total_entropy": 4130.202408, "sa": "192.168.3.213",