{"ip": {"in": {"id": [729, 730, 731, 732, 733, 734, 735, 736, 737, 738, 739, 740, 741, 742, 743, 744, 745, 746, 747, 748, 749, 750], "ttl": 255}, "out": {"id": [696, 27493, 19061, 60570, 53430, 63844, 19349, 362, 36251, 39629, 55111, 49844, 65106, 13489, 47229, 45704, 20041, 37069, 11756, 34194, 24909, 135, 42694], "ttl": 64}}, "idp_in": "4500004102", "time_end": 1536821544.384684, "expire_type": "a", "entropy": 2.089681, "payload": {"in": "17fefd00010000000001fa001800010000000001fa92602ea4a302cd9c3e796a", "out": "17fefd00010000000001fa003a00000000000001fab4af30e76b29e9a398ef80"}, "num_pkts_out": 23, "pr": 17, "time_start": 1536821509.019857, "bytes_in": 4257, "num_pkts_in": 22, "bytes_out": 1215, "byte_dist_std": 65.248, "da": "192.168.3.213", "wht": [110.95, 1.3288, 0.39748, -4.593], "byte_dist_mean": 110.948648, "idp_len_out": 5, "total_entropy": 11434.732635, "byte_dist": [130, 31, 21, 4, 5, 5, 4, 6, 5, 6, 4, 6, 3, 3, 3, 5, 5, 4, 2, 3, 4, 5, 4, 15, 6, 4, 4, 3, 5, 5, 4, 2, 3, 4, 4, 6, 3, 4, 4, 3, 2, 4, 4, 5, 5, 3, 3, 2, 4, 5, 3, 5, 6, 4, 4, 3, 2, 3, 8, 2, 4, 4, 4, 2, 5, 3, 4, 3, 4, 3, 5, 6, 5, 4, 6, 2, 2, 3, 3, 3, 2, 7, 6, 3, 4, 5, 3, 4, 3, 5, 4, 5, 4, 3, 3, 6, 3, 5, 4, 2, 6, 3, 4, 3, 3, 2, 3, 3, 4, 4, 4, 3, 3, 2, 2, 5, 5, 4, 4, 4, 3, 7, 2, 5, 4, 3, 3, 4, 3, 2, 3, 4, 5, 4, 4, 4, 2, 3, 4, 5, 4, 5, 3, 5, 4, 2, 4, 5, 3, 3, 5, 3, 5, 4, 4, 2, 4, 3, 7, 4, 3, 3, 4, 6, 1, 3, 4, 5, 4, 3, 3, 3, 3, 4, 4, 4, 3, 5, 4, 2, 4, 3, 3, 3, 5, 4, 3, 3, 4, 3, 5, 5, 4, 3, 4, 3, 4, 4, 3, 4, 4, 4, 3, 5, 4, 3, 4, 4, 2, 4, 6, 3, 2, 4, 3, 4, 3, 5, 3, 2, 5, 4, 3, 3, 3, 3, 4, 4, 4, 3, 3, 3, 4, 3, 4, 5, 5, 3, 3, 4, 6, 5, 4, 3, 2, 5, 3, 3, 4, 4, 4, 4, 6, 15, 16, 4], "dp": 5684, "idp_len_in": 5, "sp": 51197, "packets": [], "idp_out": "4500006302", "sa": "192.168.3.177"}
{"pr": 2, "time_start": 1536821576.37065, "bytes_out": 8, "sp": null, "packets": [], "time_end": 1536821576.37065, "byte_dist_std": 91.374817, "da": "224.0.0.1", "wht": [63.75, 0, -34.5, -20.75], "idp_out": "46c0002000", "entropy": 2.0, "num_pkts_out": 1, "idp_len_out": 5, "ip": {"out": {"id": [0], "ttl": 1}}, "expire_type": "i", "total_entropy": 16.0, "sa": "0.0.0.0", "byte_dist": [4, 0, 0, 0, 0, 0, 0, 0, 0, 0, 0, 0, 0, 0, 0, 0, 0, 1, 0, 0, 0, 0, 0, 0, 0, 0, 0, 0, 0, 0, 0, 0, 0, 0, 0, 0, 0, 0, 0, 0, 0, 0, 0, 0, 0, 0, 0, 0, 0, 0, 0, 0, 0, 0, 0, 0, 0, 0, 0, 0, 0, 0, 0, 0, 0, 0, 0, 0, 0, 0, 0, 0, 0, 0, 0, 0, 0, 0, 0, 0, 0, 0, 0, 0, 0, 0, 0, 0, 0, 0, 0, 0, 0, 0, 0, 0, 0, 0, 0, 0, 1, 0, 0, 0, 0, 0, 0, 0, 0, 0, 0, 0, 0, 0, 0, 0, 0, 0, 0, 0, 0, 0, 0, 0, 0, 0, 0, 0, 0, 0, 0, 0, 0, 0, 0, 0, 0, 0, 0, 0, 0, 0, 0, 0, 0, 0, 0, 0, 0, 0, 0, 0, 0, 0, 0, 1, 0, 0, 0, 0, 0, 0, 0, 0, 0, 0, 0, 0, 0, 0, 0, 0, 0, 0, 0, 0, 0, 0, 0, 0, 0, 0, 0, 0, 0, 0, 0, 0, 0, 0, 0, 0, 0, 0, 0, 0, 0, 0, 0, 0, 0, 0, 0, 0, 0, 0, 0, 0, 0, 0, 0, 0, 0, 0, 0, 0, 0, 0, 0, 0, 0, 0, 0, 0, 0, 0, 0, 0, 0, 0, 0, 0, 0, 0, 0, 0, 0, 0, 1, 0, 0, 0, 0, 0, 0, 0, 0, 0, 0, 0, 0, 0, 0, 0, 0, 0], "payload": {"out": "1164ee9b00000000"}, "dp": null, "byte_dist_mean": 63.75}
{"pr": 2, "time_start": 1536821578.577193, "bytes_out": 8, "sp": null, "packets": [], "time_end": 1536821578.577193, "byte_dist_std": 107.733467, "da": "224.0.0.251", "wht": [63.75, 0, -2.25, 61.5], "idp_out": "4600002002", "entropy": 2.405639, "num_pkts_out": 1, "idp_len_out": 5, "ip": {"out": {"id": [757], "ttl": 1}}, "expire_type": "i", "total_entropy": 19.245111, "sa": "192.168.3.213", "byte_dist": [3, 0, 0, 0, 1, 0, 0, 0, 0, 1, 0, 0, 0, 0, 0, 0, 0, 0, 0, 0, 0, 0, 1, 0, 0, 0, 0, 0, 0, 0, 0, 0, 0, 0, 0, 0, 0, 0, 0, 0, 0, 0, 0, 0, 0, 0, 0, 0, 0, 0, 0, 0, 0, 0, 0, 0, 0, 0, 0, 0, 0, 0, 0, 0, 0, 0, 0, 0, 0, 0, 0, 0, 0, 0, 0, 0, 0, 0, 0, 0, 0, 0, 0, 0, 0, 0, 0, 0, 0, 0, 0, 0, 0, 0, 0, 0, 0, 0, 0, 0, 0, 0, 0, 0, 0, 0, 0, 0, 0, 0, 0, 0, 0, 0, 0, 0, 0, 0, 0, 0, 0, 0, 0, 0, 0, 0, 0, 0, 0, 0, 0, 0, 0, 0, 0, 0, 0, 0, 0, 0, 0, 0, 0, 0, 0, 0, 0, 0, 0, 0, 0, 0, 0, 0, 0, 0, 0, 0, 0, 0, 0, 0, 0, 0, 0, 0, 0, 0, 0, 0, 0, 0, 0, 0, 0, 0, 0, 0, 0, 0, 0, 0, 0, 0, 0, 0, 0, 0, 0, 0, 0, 0, 0, 0, 0, 0, 0, 0, 0, 0, 0, 0, 0, 0, 0, 0, 0, 0, 0, 0, 0, 0, 0, 0, 0, 0, 0, 0, 0, 0, 0, 0, 0, 0, 1, 0, 0, 0, 0, 0, 0, 0, 0, 0, 0, 0, 0, 0, 0, 0, 0, 0, 0, 0, 0, 0, 0, 0, 0, 0, 0, 1, 0, 0, 0, 0], "payload": {"out": "16000904e00000fb"}, "dp": null, "byte_dist_mean": 63.75}
