{"pr": 17, "time_start": 1536820128.080449, "bytes_out": 10445, "sp": 5684, "packets": [], "time_end": 1536820136.470872, "byte_dist_std": 76.776691, "da": "192.168.3.177", "wht": [121.29, 0.83485, -0.42106, -1.866], "idp_out": "4500017700", "entropy": 3.411681, "num_pkts_out": 30, "idp_len_out": 5, "ip": {"out": {"id": [199, 201, 203, 205, 207, 209, 211, 214, 216, 219, 222, 224, 225, 228, 230, 232, 234, 235, 236, 239, 242, 244, 245, 246, 248, 250, 252, 254, 256, 258], "ttl": 255}}, "expire_type": "i", "total_entropy": 35635.009875, "sa": "192.168.3.213", "byte_dist": [144, 50, 14, 13, 14, 22, 10, 14, 15, 20, 14, 15, 12, 11, 7, 13, 10, 16, 18, 12, 13, 20, 17, 26, 14, 14, 8, 15, 12, 15, 12, 16, 8, 19, 13, 10, 11, 14, 13, 9, 15, 16, 17, 7, 15, 11, 13, 12, 21, 16, 16, 15, 14, 10, 12, 24, 15, 13, 19, 13, 11, 12, 11, 10, 10, 10, 14, 18, 14, 16, 16, 18, 23, 15, 20, 8, 12, 13, 20, 25, 18, 12, 17, 11, 9, 16, 19, 13, 13, 16, 13, 17, 12, 19, 12, 14, 16, 15, 14, 13, 17, 16, 21, 11, 14, 14, 21, 13, 13, 17, 15, 16, 11, 14, 16, 17, 11, 13, 23, 11, 15, 15, 13, 21, 16, 15, 15, 16, 12, 12, 7, 10, 14, 11, 19, 16, 20, 11, 15, 15, 10, 16, 13, 11, 18, 16, 14, 13, 10, 10, 14, 10, 17, 14, 14, 6, 16, 15, 12, 15, 21, 23, 10, 16, 13, 14, 13, 10, 10, 12, 8, 16, 16, 8, 14, 13, 19, 13, 10, 16, 13, 11, 18, 10, 14, 6, 19, 12, 16, 13, 14, 15, 18, 12, 10, 13, 16, 14, 12, 17, 17, 10, 7, 11, 16, 22, 10, 17, 14, 10, 15, 13, 19, 15, 13, 15, 18, 16, 14, 24, 11, 9, 17, 15, 16, 18, 24, 13, 10, 11, 16, 16, 12, 12, 12, 24, 13, 8, 16, 15, 14, 11, 17, 14, 9, 17, 16, 12, 13, 16, 14, 13, 11, 25, 19, 13], "payload": {"out": "17fefd0001000000000012014e00010000000000126ea9af2e5ea5ee493dd5e5"}, "dp": 53124, "byte_dist_mean": 121.289421}
{"pr": 1, "time_start": 1536820128.08342, "bytes_out": 840, "sp": null, "packets": [], "time_end": 1536820136.473739, "byte_dist_std": 90.821422, "da": "192.168.3.213", "wht": [99.72, -10.501, 3.7536, 11.465], "idp_out": "45000038c0", "entropy": 4.504404, "num_pkts_out": 30, "idp_len_out": 5, "ip": {"out": {"id": [49371, 48356, 7949, 9011, 14121, 65449, 57057, 32711, 57982, 65033, 20421, 12689, 38612, 54850, 43236, 45435, 19357, 21221, 50244, 42960, 12528, 58885, 28190, 44497, 32636, 63243, 24013, 21162, 47472, 49737], "ttl": 64}}, "expire_type": "i", "total_entropy": 3783.699017, "sa": "192.168.3.177", "byte_dist": [149, 62, 1, 60, 0, 0, 0, 0, 0, 0, 0, 0, 0, 0, 0, 0, 0, 30, 0, 0, 0, 0, 30, 0, 0, 0, 0, 0, 0, 0, 0, 0, 0, 0, 0, 0, 0, 0, 0, 0, 0, 0, 0, 0, 0, 0, 0, 0, 0, 0, 0, 0, 30, 0, 0, 0, 0, 0, 0, 0, 0, 0, 0, 0, 30, 0, 0, 0, 0, 30, 0, 0, 0, 0, 0, 0, 0, 0, 0, 0, 0, 0, 0, 0, 0, 0, 0, 0, 0, 0, 0, 0, 0, 0, 0, 0, 0, 0, 0, 4, 17, 9, 0, 0, 0, 0, 0, 0, 0, 0, 0, 0, 0, 0, 0, 0, 0, 0, 0, 4, 17, 9, 0, 0, 0, 0, 0, 0, 0, 0, 0, 0, 30, 0, 0, 0, 0, 0, 0, 0, 0, 0, 0, 0, 0, 0, 0, 0, 0, 0, 0, 0, 0, 0, 1, 0, 1, 0, 1, 0, 0, 1, 1, 0, 0, 1, 1, 0, 61, 1, 1, 0, 0, 1, 0, 0, 0, 31, 1, 1, 1, 0, 0, 1, 1, 0, 0, 0, 1, 1, 0, 1, 60, 0, 1, 0, 0, 1, 0, 2, 0, 1, 1, 1, 1, 1, 0, 32, 1, 1, 0, 2, 0, 31, 1, 1, 1, 0, 0, 1, 0, 0, 1, 0, 1, 1, 0, 0, 1, 0, 1, 0, 1, 0, 1, 1, 1, 0, 0, 1, 30, 0, 1, 0, 1, 1, 1, 0, 1, 0, 1, 0, 1, 0, 1, 30], "payload": {"out": "4500017700c74000ff11f0d7c0a803d5c0a803b11634cf8401630000"}, "dp": null, "byte_dist_mean": 99.720238}
{"pr": 17, "time_start": 1536820146.628822, "bytes_out": 83, "sp": 5353, "packets": [], "time_end": 1536820146.628822, "byte_dist_std": 54.035678, "da": "224.0.0.251", "wht": [66.59, -5.1687, 1.7229, -2.0843], "idp_out": "4500006f88", "entropy": 4.403209, "num_pkts_out": 1, "idp_len_out": 5, "ip": {"out": {"id": [35056], "ttl": 255}}, "expire_type": "i", "total_entropy": 365.466325, "sa": "192.168.3.177", "byte_dist": [18, 3, 0, 1, 2, 1, 0, 0, 1, 0, 0, 0, 4, 0, 0, 1, 0, 0, 0, 0, 0, 1, 0, 0, 0, 0, 1, 0, 0, 0, 0, 0, 0, 0, 0, 0, 0, 0, 0, 0, 0, 0, 0, 0, 0, 2, 0, 0, 0, 0, 0, 0, 0, 0, 0, 0, 0, 0, 0, 0, 0, 0, 0, 0, 0, 0, 0, 0, 0, 0, 0, 0, 0, 0, 0, 0, 0, 0, 0, 0, 0, 0, 0, 0, 0, 0, 0, 0, 0, 0, 0, 0, 0, 0, 0, 5, 0, 2, 0, 3, 1, 3, 0, 0, 1, 3, 0, 2, 4, 2, 3, 5, 5, 0, 1, 1, 2, 1, 0, 0, 1, 1, 0, 0, 0, 0, 0, 0, 0, 0, 0, 0, 0, 0, 0, 0, 0, 0, 0, 0, 0, 0, 0, 0, 0, 0, 0, 0, 0, 0, 0, 0, 0, 0, 0, 0, 0, 0, 0, 0, 0, 0, 0, 0, 0, 0, 0, 0, 0, 0, 0, 0, 0, 0, 0, 0, 0, 0, 0, 0, 0, 0, 0, 0, 0, 0, 0, 0, 0, 0, 0, 0, 2, 0, 0, 0, 0, 0, 0, 0, 0, 0, 0, 0, 0, 0, 0, 0, 0, 0, 0, 0, 0, 0, 0, 0, 0, 0, 0, 0, 0, 0, 0, 0, 0, 0, 0, 0, 0, 0, 0, 0, 0, 0, 0, 0, 0, 0, 0, 0, 0, 0, 0, 0, 0, 0, 0, 0, 0, 0, 0, 0, 0, 0, 0, 0], "payload": {"out": "000000000003000000000000085f686f6d656b6974045f746370056c6f63616c"}, "dp": 5353, "byte_dist_mean": 66.590361}
{"ip": {"in": {"id": [198, 200, 202, 204, 206, 208, 210, 212, 213, 215, 217, 218, 220, 221, 223, 226, 227, 229, 231, 233, 237, 238, 240, 241, 243, 247, 249, 251, 253, 255, 257, 259, 260, 261, 262, 263, 264, 265, 266, 267, 268, 269, 270, 271, 272, 273, 274, 275, 276, 277], "ttl": 255}, "out": {"id": [59128, 12836, 44366, 8181, 57835, 15412, 11464, 7571, 51793, 36087, 64462, 24119, 62348, 62352, 36797, 2906, 45919, 4958, 53152, 64459, 54016, 2460, 53596, 18328, 42362, 28762, 5366, 18707, 20994, 57936, 43626, 40691, 33764, 62787, 44244, 9461, 25721, 49448, 18829, 44793, 33812, 34305, 54842, 41013, 15010, 2529, 54440, 56703, 11562, 39491], "ttl": 64}}, "idp_in": "4500004100", "time_end": 1536820158.359449, "expire_type": "a", "entropy": 0.475269, "payload": {"in": "17fefd0001000000000010001800010000000000100f31189a072e8e381679ec", "out": "17fefd0001000000000010004c0000000000000010af793982b198bd049fb01f"}, "num_pkts_out": 74, "pr": 17, "time_start": 1536820128.079397, "bytes_in": 16788, "num_pkts_in": 75, "bytes_out": 4165, "byte_dist_std": 65.536315, "da": "192.168.3.213", "wht": [113.7, 0.39713, 0.69503, -4.2832], "byte_dist_mean": 113.700997, "idp_len_out": 5, "total_entropy": 9958.319886, "byte_dist": [153, 16, 3, 1, 3, 3, 4, 2, 2, 2, 3, 3, 2, 2, 2, 2, 3, 2, 3, 1, 8, 2, 3, 14, 3, 2, 3, 3, 3, 3, 3, 4, 4, 3, 3, 3, 3, 4, 2, 2, 3, 2, 2, 2, 5, 3, 3, 3, 2, 3, 2, 3, 2, 3, 2, 3, 2, 3, 2, 2, 2, 3, 2, 2, 3, 2, 3, 3, 2, 3, 2, 1, 2, 3, 2, 3, 3, 3, 5, 4, 2, 3, 2, 3, 2, 3, 2, 2, 3, 2, 3, 3, 2, 3, 3, 3, 2, 3, 2, 3, 1, 3, 3, 2, 2, 2, 1, 2, 2, 4, 2, 2, 3, 2, 3, 2, 2, 3, 2, 2, 3, 2, 3, 2, 3, 3, 2, 3, 3, 3, 3, 2, 3, 3, 3, 2, 3, 1, 2, 3, 2, 2, 3, 3, 2, 2, 3, 2, 3, 2, 2, 3, 3, 3, 1, 3, 1, 3, 4, 3, 2, 3, 3, 2, 2, 2, 1, 3, 3, 2, 2, 3, 3, 4, 2, 2, 3, 3, 3, 2, 2, 3, 2, 3, 2, 3, 3, 2, 4, 4, 2, 2, 3, 2, 3, 1, 3, 3, 3, 2, 2, 3, 1, 3, 3, 2, 3, 2, 2, 2, 2, 3, 1, 3, 2, 2, 3, 2, 2, 2, 3, 3, 2, 2, 2, 2, 3, 3, 3, 2, 3, 3, 2, 1, 3, 3, 3, 3, 3, 3, 3, 3, 2, 2, 3, 3, 3, 2, 3, 2, 2, 2, 2, 13, 13, 2], "dp": 5684, "idp_len_in": 5, "sp": 51197, "packets": [], "idp_out": "45000075e6", "sa": "192.168.3.177"}
{"pr": 2, "time_start": 1536820196.528121, "bytes_out": 8, "sp": null, "packets": [], "time_end": 1536820196.528121, "byte_dist_std": 91.374817, "da": "224.0.0.1", "wht": [63.75, 0, -34.5, -20.75], "idp_out": "46c0002000", "entropy": 2.0, "num_pkts_out": 1, "idp_len_out": 5, "ip": {"out": {"id": [0], "ttl": 1}}, "total_entropy": 16.0, "sa": "0.0.0.0", "byte_dist": [4, 0, 0, 0, 0, 0, 0, 0, 0, 0, 0, 0, 0, 0, 0, 0, 0, 1, 0, 0, 0, 0, 0, 0, 0, 0, 0, 0, 0, 0, 0, 0, 0, 0, 0, 0, 0, 0, 0, 0, 0, 0, 0, 0, 0, 0, 0, 0, 0, 0, 0, 0, 0, 0, 0, 0, 0, 0, 0, 0, 0, 0, 0, 0, 0, 0, 0, 0, 0, 0, 0, 0, 0, 0, 0, 0, 0, 0, 0, 0, 0, 0, 0, 0, 0, 0, 0, 0, 0, 0, 0, 0, 0, 0, 0, 0, 0, 0, 0, 0, 1, 0, 0, 0, 0, 0, 0, 0, 0, 0, 0, 0, 0, 0, 0, 0, 0, 0, 0, 0, 0, 0, 0, 0, 0, 0, 0, 0, 0, 0, 0, 0, 0, 0, 0, 0, 0, 0, 0, 0, 0, 0, 0, 0, 0, 0, 0, 0, 0, 0, 0, 0, 0, 0, 0, 1, 0, 0, 0, 0, 0, 0, 0, 0, 0, 0, 0, 0, 0, 0, 0, 0, 0, 0, 0, 0, 0, 0, 0, 0, 0, 0, 0, 0, 0, 0, 0, 0, 0, 0, 0, 0, 0, 0, 0, 0, 0, 0, 0, 0, 0, 0, 0, 0, 0, 0, 0, 0, 0, 0, 0, 0, 0, 0, 0, 0, 0, 0, 0, 0, 0, 0, 0, 0, 0, 0, 0, 0, 0, 0, 0, 0, 0, 0, 0, 0, 0, 0, 1, 0, 0, 0, 0, 0, 0, 0, 0, 0, 0, 0, 0, 0, 0, 0, 0, 0], "payload": {"out": "1164ee9b00000000"}, "dp": null, "byte_dist_mean": 63.75}
{"pr": 2, "time_start": 1536820196.708448, "bytes_out": 8, "sp": null, "packets": [],