{"ip": {"in": {"id": [102, 103, 104, 105, 106, 107, 108, 109, 110, 111, 112, 113, 114, 116, 117, 118, 119, 120, 121, 122], "ttl": 255}, "out": {"id": [23687, 404, 28256, 35586, 25670, 11042, 55102, 16188, 52341, 666, 3167, 39821, 24636, 50756, 40430, 50633, 29204, 30847, 56471], "ttl": 64}}, "idp_in": "4500005800", "time_end": 1536819901.600518, "expire_type": "i", "entropy": 2.099485, "payload": {"in": "16fefd0000000000000000002f030000230000000000000023fefd209b11236b", "out": "16fefd000000000000000000380100002c000000000000002cfefda0d18a5d45"}, "num_pkts_out": 19, "pr": 17, "time_start": 1536819901.406186, "bytes_in": 2963, "num_pkts_in": 20, "bytes_out": 1114, "byte_dist_std": 64.006021, "da": "192.168.3.213", "wht": [104.88, 1.8033, 1.5796, -3.6806], "byte_dist_mean": 104.877606, "idp_len_out": 5, "total_entropy": 8559.601965, "byte_dist": [145, 20, 5, 4, 6, 4, 4, 3, 3, 5, 3, 2, 4, 4, 4, 3, 3, 3, 3, 2, 5, 2, 5, 10, 5, 3, 2, 2, 2, 4, 2, 3, 4, 2, 3, 4, 5, 3, 4, 3, 5, 3, 3, 6, 3, 3, 2, 3, 2, 2, 2, 2, 2, 5, 3, 1, 5, 3, 3, 2, 2, 3, 2, 4, 3, 3, 2, 4, 3, 3, 4, 1, 3, 3, 2, 2, 4, 2, 2, 3, 3, 3, 2, 4, 3, 3, 3, 1, 2, 1, 2, 4, 3, 3, 2, 2, 3, 2, 4, 3, 3, 3, 2, 2, 3, 3, 3, 2, 3, 3, 2, 3, 2, 3, 4, 5, 4, 3, 4, 3, 3, 2, 3, 2, 3, 1, 3, 4, 1, 2, 3, 4, 4, 2, 3, 3, 3, 2, 3, 2, 3, 2, 2, 1, 3, 2, 3, 4, 1, 4, 3, 4, 2, 1, 3, 2, 4, 3, 2, 4, 2, 2, 2, 4, 3, 2, 4, 3, 3, 3, 2, 2, 2, 2, 3, 3, 3, 4, 2, 3, 4, 3, 3, 2, 2, 3, 2, 2, 3, 2, 4, 3, 4, 1, 3, 2, 4, 4, 4, 3, 2, 2, 3, 2, 3, 2, 2, 2, 3, 2, 2, 3, 2, 3, 3, 1, 2, 3, 3, 2, 4, 2, 2, 3, 3, 3, 3, 3, 2, 3, 3, 1, 3, 1, 2, 2, 3, 4, 2, 3, 2, 3, 2, 3, 3, 3, 4, 3, 4, 2, 4, 1, 3, 13, 14, 1], "dp": 5684, "idp_len_in": 5, "sp": 62818, "packets": [], "idp_out": "450000615c", "sa": "192.168.3.177"}
{"ip": {"in": {"id": [80, 81, 82, 83, 84, 85, 86, 87, 88, 89, 90, 91, 92, 93, 94, 95, 96, 97, 98, 99, 100, 101, 115, 123], "ttl": 255}, "out": {"id": [6073, 43608, 44833, 59717, 37372, 1911, 5619, 4150, 27961, 43612, 37919, 48671, 32223, 38845, 56442, 61562, 33677, 16661, 43927, 10836, 33253], "ttl": 64}}, "idp_in": "4500005800", "time_end": 1536819903.902347, "expire_type": "a", "entropy": 2.0419, "payload": {"in": "16fefd0000000000000000002f030000230000000000000023fefd2058b142bb", "out": "16fefd000000000000000000380100002c000000000000002cfefd1322ee274d"}, "num_pkts_out": 21, "pr": 17, "time_start": 1536819896.251916, "bytes_in": 4342, "num_pkts_in": 24, "bytes_out": 1216, "byte_dist_std": 66.031966, "da": "192.168.3.213", "wht": [110.59, -0.46815, 2.0011, -3.9608], "byte_dist_mean": 110.586182, "idp_len_out": 5, "total_entropy": 11348.882403, "byte_dist": [161, 24, 7, 6, 6, 4, 4, 3, 4, 6, 5, 4, 5, 4, 5, 5, 4, 5, 5, 3, 3, 2, 5, 12, 5, 3, 4, 4, 4, 4, 5, 4, 2, 4, 3, 5, 3, 4, 3, 4, 5, 5, 4, 4, 6, 4, 3, 3, 3, 2, 3, 1, 3, 3, 4, 4, 4, 5, 4, 5, 3, 4, 3, 4, 4, 4, 6, 3, 3, 4, 3, 5, 3, 6, 3, 3, 4, 5, 4, 4, 3, 4, 5, 5, 4, 2, 4, 3, 4, 4, 4, 3, 3, 4, 3, 4, 5, 2, 3, 5, 3, 5, 2, 3, 5, 5, 5, 3, 5, 2, 4, 4, 3, 4, 6, 5, 3, 5, 4, 3, 5, 4, 5, 5, 3, 3, 4, 4, 6, 3, 5, 5, 2, 4, 3, 4, 5, 4, 3, 3, 3, 5, 4, 3, 3, 3, 3, 3, 3, 4, 4, 4, 4, 3, 4, 5, 3, 4, 4, 2, 2, 3, 5, 6, 4, 2, 3, 3, 5, 1, 4, 2, 3, 3, 4, 3, 4, 7, 2, 4, 2, 4, 4, 2, 4, 4, 3, 3, 3, 5, 6, 4, 3, 4, 4, 6, 3, 3, 2, 4, 3, 4, 3, 3, 4, 3, 6, 5, 5, 2, 2, 3, 3, 4, 4, 4, 3, 5, 3, 3, 5, 5, 3, 4, 3, 3, 5, 3, 3, 3, 3, 7, 3, 2, 4, 4, 3, 2, 5, 4, 3, 4, 3, 3, 2, 4, 5, 3, 3, 6, 4, 4, 3, 16, 17, 3], "dp": 5684, "idp_len_in": 5, "sp": 63514, "packets": [], "idp_out": "4500006117", "sa": "192.168.3.177"}
{"ip": {"out": {"id": [0, 0, 0, 0, 0], "ttl": 128}}, "time_end": 1536819938.231837, "expire_type": "a", "entropy": 0.384445, "payload": {"out": "01010600e4a84c59002300000000000000000000000000000000000090e6ba3b"}, "num_pkts_out": 5, "pr": 17, "time_start": 1536819901.390335, "dhcp": [{"hlen": "6", "xid": "3836234841", "ciaddr": "0.0.0.0", "hops": "0", "giaddr": "0.0.0.0", "chaddr": "90e6ba3b473800000000000000000000", "yiaddr": "0.0.0.0", "secs": "35", "flags": "0", "htype": "1", "siaddr": "0.0.0.0", "options": [{"msg_type": "DHCPDISCOVER"}, {"address_request": "0a000020"}, {"hostname": "7374617274"}, {"parameter_list": "011c02030f06770c2c2f1a792af921fc"}], "op": "1"}, {"hlen": "6", "xid": "983876989", "ciaddr": "0.0.0.0", "hops": "0", "giaddr": "0.0.0.0", "chaddr": "90e6ba3b473800000000000000000000", "yiaddr": "0.0.0.0", "secs": "0", "flags": "0", "htype": "1", "siaddr": "0.0.0.0", "options": [{"msg_type": "DHCPDISCOVER"}, {"address_request": "0a000020"}, {"hostname": "7374617274"}, {"parameter_list": "011c02030f06770c2c2f1a792af921fc"}], "op": "1"}, {"hlen": "6", "xid": "983876989", "ciaddr": "0.0.0.0", "hops": "0", "giaddr": "0.0.0.0", "chaddr": "90e6ba3b473800000000000000000000", "yiaddr": "0.0.0.0", "secs": "3", "flags": "0", "htype": "1", "siaddr": "0.0.0.0", "options": [{"msg_type": "DHCPDISCOVER"}, {"address_request": "0a000020"}, {"hostname": "7374617274"}, {"parameter_list": "011c02030f06770c2c2f1a792af921fc"}], "op": "1"}, {"hlen": "6", "xid": "983876989", "ciaddr": "0.0.0.0", "hops": "0", "giaddr": "0.0.0.0", "chaddr": "90e6ba3b473800000000000000000000", "yiaddr": "0.0.0.0", "secs": "10", "flags": "0", "htype": "1", "siaddr": "0.0.0.0", "options": [{"msg_type": "DHCPDISCOVER"}, {"address_request": "0a000020"}, {"hostname": "7374617274"}, {"parameter_list": "011c02030f06770c2c2f1a792af921fc"}], "op": "1"}, {"hlen": "6", "xid": "983876989", "ciaddr": "0.0.0.0", "hops": "0", "giaddr": "0.0.0.0", "chaddr": "90e6ba3b473800000000000000000000", "yiaddr": "0.0.0.0", "secs": "27", "flags": "0", "htype": "1", "siaddr": "0.0.0.0", "options": [{"msg_type": "DHCPDISCOVER"}, {"address_request": "0a000020"}, {"hostname": "7374617274"}, {"parameter_list": "011c02030f06770c2c2f1a792af921fc"}], "op": "1"}], "bytes_out": 1500, "byte_dist_std": 40.973271, "da": "255.255.255.255", "wht": [12.598, -0.786, 0.52067, -1.0393], "byte_dist_mean": 12.598, "idp_len_out": 5, "total_entropy": 576.666757, "byte_dist": [155, 3, 0, 0, 0, 0, 1, 0, 0, 0, 0, 0, 1, 0, 0, 0, 0, 0, 0, 0, 0, 0, 0, 0, 0, 0, 0, 0, 0, 0, 0, 0, 0, 0, 0, 0, 0, 0, 0, 0, 0, 0, 0, 0, 0, 0, 0, 0, 0, 0, 0, 0, 0, 0, 0, 0, 0, 0, 0, 0, 0, 0, 0, 0, 0, 0, 0, 0, 0, 0, 0, 0, 0, 0, 0, 0, 0, 0, 0, 0, 0, 0, 0, 0, 0, 0, 0, 0, 0, 0, 0, 0, 0, 0, 0, 0, 0, 0, 0, 1, 0, 0, 0, 0, 0, 0, 0, 0, 0, 0, 0, 0, 0, 0, 0, 0, 1, 0, 0, 0, 0, 0, 0, 0, 0, 0, 0, 0, 0, 0, 0, 0, 0, 0, 0, 0, 0, 0, 0, 0, 0, 0, 0, 0, 0, 0, 0, 0, 0, 0, 0, 0, 0, 0, 0, 0, 0, 0, 0, 0, 0, 0, 0, 0, 0, 0, 0, 0, 0, 0, 0, 0, 0, 0, 0, 0, 0, 0, 0, 0, 0, 0, 0, 0, 0, 0, 0, 0, 0, 0, 0, 0, 0, 0, 0, 0, 0, 0, 0, 0, 0, 0, 0, 0, 0, 0, 0, 0, 0, 0, 0, 0, 0, 0, 0, 0, 0, 0, 0, 0, 0, 0, 0, 0, 0, 0, 0, 0, 0, 0, 0, 0, 0, 0, 0, 0, 0, 0, 0, 0, 0, 0, 0, 0, 0, 0, 0, 0, 0, 0, 0, 0, 0, 0, 0, 0], "dp": 67, "sp": 68, "packets": [], "idp_out": "4510014800", "sa": "0.0.0.0"}
{"pr": 1, "time_start": 1536819901.527631, "bytes_out": 56, "sp": null, "packets": [], "time_end": 1536819903.995183, "byte_dist_std": 96.416649, "da": "192.168.3.213", "wht": [101.61, -9.4643, 2.3929, 9.8929], "idp_out": "45000038b4", "entropy": 4.17844, "num_pkts_out": 2, "idp_len_out": 5, "ip": {"out": {"id": [46122, 54072], "ttl": 64}}, "expire_type": "a", "total_entropy": 233.992645, "sa": "192.168.3.177", "byte_dist": [10, 4, 0, 4, 0, 0, 0, 0, 0, 0, 0, 0, 0, 0, 0, 0, 0, 2, 0, 0, 0, 0, 2, 0, 0, 0, 2, 0, 0, 0, 0, 0, 0, 0, 0, 0, 0, 0, 0, 0, 0, 0, 0, 0, 0, 0, 0, 0, 0, 0, 0, 0, 2, 0, 0, 0, 0, 0, 0, 0, 0, 0, 0, 0, 2, 0, 0, 0, 0, 2, 0, 0, 0, 0, 0, 0, 0, 0, 0, 0, 0, 0, 0, 0, 0, 0, 0, 0, 0, 0, 0, 0, 0, 0, 0, 0, 0, 0, 0, 0, 0, 0, 0, 0, 0, 0, 0, 0, 0, 0, 0, 0, 0, 0, 0, 1, 0, 0, 0, 0, 0, 0, 0, 1, 0, 0, 0, 0, 0, 0, 0, 0, 0, 0, 0, 0, 0, 0, 0, 0, 0, 0, 0, 0, 0, 0, 0, 0, 0, 0, 0, 0, 0, 0, 0, 0, 0, 0, 0, 0, 0, 0, 0, 0, 0, 0, 0, 0, 4, 0, 0, 0, 0, 0, 0, 0, 0, 2, 0, 0, 0, 0, 0, 0, 0, 0, 0, 0, 0, 1, 0, 0, 4, 0, 0, 0, 0, 1, 0, 0, 0, 2, 0, 0, 0, 0, 0, 0, 0, 0, 0, 0, 0, 2, 0, 0, 0, 0, 0, 0, 0, 2, 0, 0, 0, 0, 0, 0, 0, 0, 0, 0, 0, 0, 0, 0, 0, 0, 0, 0, 2, 0, 0, 0, 0, 0, 0, 0, 2, 0, 0, 0, 0, 0, 0, 2],