{"ip": {"in": {"id": [103, 104, 105, 106, 107, 108, 109, 110, 111, 112, 113, 114, 115, 116, 117, 118, 119, 120, 121, 122, 123, 124, 125, 126, 127, 128, 129, 130, 131, 132, 133, 134, 135], "ttl": 255}, "out": {"id": [37928, 35522, 56378, 36096, 51929, 19395, 38334, 30481, 15710, 26181, 40890, 36952, 7662, 39476, 53879, 54619, 2299, 13063, 658, 17279, 60316, 16618, 39513, 32247, 31881, 62139, 2286, 62318, 16117, 32510, 47489, 51857], "ttl": 64}}, "idp_in": "4500004100", "time_end": 1536825545.59657, "expire_type": "a", "entropy": 1.423076, "payload": {"in": "17fefd000100000000001200180001000000000012ef0fca523ba729ca3941b3", "out": "17fefd0001000000000012004c000000000000001241b5679b82e4bd00077f76"}, "num_pkts_out": 32, "pr": 17, "time_start": 1536825514.139052, "bytes_in": 7431, "num_pkts_in": 33, "bytes_out": 1764, "byte_dist_std": 65.546416, "da": "192.168.3.213", "wht": [113.29, 0.44285, -0.2273, -3.8806], "byte_dist_mean": 113.293312, "idp_len_out": 5, "total_entropy": 13085.184129, "byte_dist": [175, 25, 4, 2, 3, 4, 2, 4, 3, 5, 4, 4, 3, 5, 3, 3, 3, 3, 6, 4, 9, 5, 4, 19, 7, 4, 5, 8, 4, 5, 5, 6, 6, 7, 4, 5, 5, 5, 3, 5, 5, 4, 4, 4, 5, 3, 5, 4, 6, 4, 4, 4, 2, 4, 3, 3, 3, 9, 6, 5, 4, 4, 3, 3, 3, 5, 2, 6, 5, 3, 5, 3, 3, 3, 7, 3, 6, 4, 6, 6, 4, 4, 3, 6, 2, 6, 2, 3, 3, 5, 4, 3, 4, 4, 5, 3, 3, 5, 4, 2, 4, 4, 2, 6, 3, 5, 4, 3, 3, 5, 5, 4, 5, 5, 2, 5, 5, 5, 5, 3, 2, 3, 5, 4, 3, 4, 3, 4, 6, 3, 4, 2, 3, 3, 1, 3, 4, 3, 6, 4, 3, 3, 4, 4, 5, 3, 3, 5, 2, 6, 4, 4, 5, 3, 4, 4, 3, 3, 2, 4, 3, 5, 4, 4, 5, 7, 7, 5, 4, 5, 3, 6, 3, 5, 5, 3, 4, 4, 2, 4, 5, 3, 6, 4, 3, 4, 3, 5, 3, 5, 3, 4, 4, 5, 6, 4, 6, 4, 2, 5, 3, 4, 4, 4, 4, 4, 3, 3, 4, 5, 4, 4, 4, 5, 4, 5, 4, 4, 5, 5, 3, 2, 4, 3, 3, 3, 2, 4, 4, 4, 4, 4, 6, 5, 5, 4, 5, 4, 5, 4, 6, 4, 4, 3, 5, 5, 3, 3, 4, 7, 4, 5, 2, 17, 17, 3], "dp": 5684, "idp_len_in": 5, "sp": 56940, "packets": [], "idp_out": "4500007594", "sa": "192.168.3.177"}
{"pr": 17, "time_start": 1536825584.076085, "bytes_out": 83, "sp": 5353, "packets": [], "time_end": 1536825584.076085, "byte_dist_std": 54.035678, "da": "224.0.0.251", "wht": [66.59, -5.1687, 1.7229, -2.0843], "idp_out": "4500006f2c", "entropy": 4.403209, "num_pkts_out": 1, "idp_len_out": 5, "ip": {"out": {"id": [11292], "ttl": 255}}, "expire_type": "i", "total_entropy": 365.466325, "sa": "192.168.3.177", "byte_dist": [18, 3, 0, 1, 2, 1, 0, 0, 1, 0, 0, 0, 4, 0, 0, 1, 0, 0, 0, 0, 0, 1, 0, 0, 0, 0, 1, 0, 0, 0, 0, 0, 0, 0, 0, 0, 0, 0, 0, 0, 0, 0, 0, 0, 0, 2, 0, 0, 0, 0, 0, 0, 0, 0, 0, 0, 0, 0, 0, 0, 0, 0, 0, 0, 0, 0, 0, 0, 0, 0, 0, 0, 0, 0, 0, 0, 0, 0, 0, 0, 0, 0, 0, 0, 0, 0, 0, 0, 0, 0, 0, 0, 0, 0, 0, 5, 0, 2, 0, 3, 1, 3, 0, 0, 1, 3, 0, 2, 4, 2, 3, 5, 5, 0, 1, 1, 2, 1, 0, 0, 1, 1, 0, 0, 0, 0, 0, 0, 0, 0, 0, 0, 0, 0, 0, 0, 0, 0, 0, 0, 0, 0, 0, 0, 0, 0, 0, 0, 0, 0, 0, 0, 0, 0, 0, 0, 0, 0, 0, 0, 0, 0, 0, 0, 0, 0, 0, 0, 0, 0, 0, 0, 0, 0, 0, 0, 0, 0, 0, 0, 0, 0, 0, 0, 0, 0, 0, 0, 0, 0, 0, 0, 2, 0, 0, 0, 0, 0, 0, 0, 0, 0, 0, 0, 0, 0, 0, 0, 0, 0, 0, 0, 0, 0, 0, 0, 0, 0, 0, 0, 0, 0, 0, 0, 0, 0, 0, 0, 0, 0, 0, 0, 0, 0, 0, 0, 0, 0, 0, 0, 0, 0, 0, 0, 0, 0, 0, 0, 0, 0, 0, 0, 0, 0, 0, 0], "payload": {"out": "000000000003000000000000085f686f6d656b6974045f746370056c6f63616c"}, "dp": 5353, "byte_dist_mean": 66.590361}
{"pr": 2, "time_start": 1536825590.451779, "bytes_out": 8, "sp": null, "packets": [], "time_end": 1536825590.451779, "byte_dist_std": 91.374817, "da": "224.0.0.1", "wht": [63.75, 0, -34.5, -20.75], "idp_out": "46c0002000", "entropy": 2.0, "num_pkts_out": 1, "idp_len_out": 5, "ip": {"out": {"id": [0], "ttl": 1}}, "expire_type": "i", "total_entropy": 16.0, "sa": "0.0.0.0", "byte_dist": [4, 0, 0, 0, 0, 0, 0, 0, 0, 0, 0, 0, 0, 0, 0, 0, 0, 1, 0, 0, 0, 0, 0, 0, 0, 0, 0, 0, 0, 0, 0, 0, 0, 0, 0, 0, 0, 0, 0, 0, 0, 0, 0, 0, 0, 0, 0, 0, 0, 0, 0, 0, 0, 0, 0, 0, 0, 0, 0, 0, 0, 0, 0, 0, 0, 0, 0, 0, 0, 0, 0, 0, 0, 0, 0, 0, 0, 0, 0, 0, 0, 0, 0, 0, 0, 0, 0, 0, 0, 0, 0, 0, 0, 0, 0, 0, 0, 0, 0, 0, 1, 0, 0, 0, 0, 0, 0, 0, 0, 0, 0, 0, 0, 0, 0, 0, 0, 0, 0, 0, 0, 0, 0, 0, 0, 0, 0, 0, 0, 0, 0, 0, 0, 0, 0, 0, 0, 0, 0, 0, 0, 0, 0, 0, 0, 0, 0, 0, 0, 0, 0, 0, 0, 0, 0, 1, 0, 0, 0, 0, 0, 0, 0, 0, 0, 0, 0, 0, 0, 0, 0, 0, 0, 0, 0, 0, 0, 0, 0, 0, 0, 0, 0, 0, 0, 0, 0, 0, 0, 0, 0, 0, 0, 0, 0, 0, 0, 0, 0, 0, 0, 0, 0, 0, 0, 0, 0, 0, 0, 0, 0, 0, 0, 0, 0, 0, 0, 0, 0, 0, 0, 0, 0, 0, 0, 0, 0, 0, 0, 0, 0, 0, 0, 0, 0, 0, 0, 0, 1, 0, 0, 0, 0, 0, 0, 0, 0, 0, 0, 0, 0, 0, 0, 0, 0, 0], "payload": {"out": "1164ee9b00000000"}, "dp": null, "byte_dist_mean": 63.75}
{"pr": 2, "time_start": 1536825590.865385, "bytes_out": 8, "sp": null, "packets": [], "time_end": 1536825590.865385, "byte_dist_std": 107.733467, "da": "224.0.0.251", "wht": [63.75, 0, -2.25, 61.5], "idp_out": "4600002000", "entropy": 2.405639, "num_pkts_out": 1, "idp_len_out": 5, "ip": {"out": {"id": [164], "ttl": 1}}, "expire_type": "i", "total_entropy": 19.245111, "sa": "192.168.3.213", "byte_dist": [3, 0, 0, 0, 1, 0, 0, 0, 0, 1, 0, 0, 0, 0, 0, 0, 0, 0, 0, 0, 0, 0, 1, 0, 0, 0, 0, 0, 0, 0, 0, 0, 0, 0, 0, 0, 0, 0, 0, 0, 0, 0, 0, 0, 0, 0, 0, 0, 0, 0, 0, 0, 0, 0, 0, 0, 0, 0, 0, 0, 0, 0, 0, 0, 0, 0, 0, 0, 0, 0, 0, 0, 0, 0, 0, 0, 0, 0, 0, 0, 0, 0, 0, 0, 0, 0, 0, 0, 0, 0, 0, 0, 0, 0, 0, 0, 0, 0, 0, 0, 0, 0, 0, 0, 0, 0, 0, 0, 0, 0, 0, 0, 0, 0, 0, 0, 0, 0, 0, 0, 0, 0, 0, 0, 0, 0, 0, 0, 0, 0, 0, 0, 0, 0, 0, 0, 0, 0, 0, 0, 0, 0, 0, 0, 0, 0, 0, 0, 0, 0, 0, 0, 0, 0, 0, 0, 0, 0, 0, 0, 0, 0, 0, 0, 0, 0, 0, 0, 0, 0, 0, 0, 0, 0, 0, 0, 0, 0, 0, 0, 0, 0, 0, 0, 0, 0, 0, 0, 0, 0, 0, 0, 0, 0, 0, 0, 0, 0, 0, 0, 0, 0, 0, 0, 0, 0, 0, 0, 0, 0, 0, 0, 0, 0, 0, 0, 0, 0, 0, 0, 0, 0, 0, 0, 1, 0, 0, 0, 0, 0, 0, 0, 0, 0, 0, 0, 0, 0, 0, 0, 0, 0, 0, 0, 0, 0, 0, 0, 0, 0, 0, 1, 0, 0, 0, 0], "payload": {"out": "16000904e00000fb"}, "dp": null, "byte_dist_mean": 63.75}
