{"ip": {"in": {"id": [173, 175, 176, 178, 180, 182, 183, 185, 186, 188, 190], "ttl": 255}, "out": {"id": [25556, 44925, 8246, 32135, 53490, 48883, 6390, 18954, 63554, 37512, 52985], "ttl": 64}}, "idp_in": "4500004100", "time_end": 1533197151.583527, "expire_type": "a", "entropy": 4.128664, "payload": {"in": "17fefd000100000000001000180001000000000010966939bbf61faf9f1ec2af", "out": "17fefd000100000000001000430000000000000010b3e02b05662a9c8d2ec93d"}, "num_pkts_out": 11, "pr": 17, "time_start": 1533197148.951786, "bytes_in": 2576, "num_pkts_in": 11, "bytes_out": 554, "byte_dist_std": 67.192253, "da": "192.168.3.213", "wht": [112.42, 2.5281, 0.48978, -2.8272], "byte_dist_mean": 112.417572, "idp_len_out": 5, "total_entropy": 12922.719865, "byte_dist": [152, 27, 6, 7, 4, 4, 3, 7, 6, 4, 7, 3, 6, 6, 7, 4, 9, 7, 9, 6, 8, 7, 6, 20, 8, 7, 5, 6, 5, 4, 3, 4, 6, 8, 5, 5, 3, 3, 8, 6, 5, 4, 5, 4, 5, 4, 6, 4, 6, 4, 8, 4, 4, 5, 5, 5, 8, 5, 5, 4, 5, 5, 4, 5, 6, 4, 2, 7, 7, 4, 5, 3, 9, 4, 6, 7, 6, 5, 7, 6, 6, 6, 5, 4, 4, 5, 4, 7, 6, 5, 6, 3, 4, 5, 3, 5, 4, 7, 7, 3, 3, 5, 6, 4, 2, 4, 5, 6, 6, 6, 5, 5, 5, 6, 6, 6, 4, 4, 7, 2, 6, 6, 6, 5, 2, 6, 7, 4, 6, 6, 4, 5, 2, 5, 6, 4, 8, 5, 3, 3, 6, 6, 4, 6, 8, 3, 2, 5, 6, 5, 7, 6, 5, 6, 3, 4, 7, 3, 3, 6, 6, 4, 2, 6, 4, 5, 3, 1, 6, 4, 4, 4, 6, 5, 5, 7, 7, 4, 4, 5, 6, 6, 4, 5, 5, 5, 5, 4, 8, 6, 2, 5, 7, 3, 4, 2, 5, 5, 4, 4, 5, 4, 5, 4, 8, 5, 4, 5, 4, 3, 5, 3, 3, 4, 4, 4, 6, 9, 4, 2, 6, 3, 6, 7, 5, 7, 7, 7, 4, 7, 3, 5, 6, 6, 5, 3, 6, 7, 3, 6, 5, 6, 6, 7, 5, 3, 8, 6, 2, 6, 3, 3, 5, 18, 14, 3], "dp": 5684, "idp_len_in": 5, "sp": 50841, "packets": [], "idp_out": "4500006c63", "sa": "192.168.3.154"}
{"pr": 17, "time_start": 1533197148.952827, "bytes_out": 4856, "sp": 5684, "packets": [], "time_end": 1533197153.806924, "byte_dist_std": 77.641924, "da": "192.168.3.154", "wht": [119.75, 0.5451, -0.9096, -2.242], "idp_out": "4500017600", "entropy": 6.448994, "num_pkts_out": 14, "idp_len_out": 5, "ip": {"out": {"id": [174, 177, 179, 181, 184, 187, 189, 191, 192, 193, 194, 195, 196, 197], "ttl": 255}}, "expire_type": "a", "total_entropy": 31316.313324, "sa": "192.168.3.213", "byte_dist": [151, 45, 12, 21, 12, 16, 15, 14, 13, 21, 11, 10, 18, 14, 18, 16, 20, 17, 14, 14, 13, 12, 15, 28, 14, 14, 25, 18, 15, 14, 7, 20, 12, 13, 12, 12, 15, 9, 18, 21, 18, 11, 18, 16, 12, 22, 11, 13, 15, 17, 18, 21, 18, 17, 11, 12, 14, 21, 8, 15, 18, 12, 15, 18, 15, 8, 15, 17, 10, 14, 12, 11, 18, 9, 9, 8, 11, 17, 21, 6, 16, 15, 17, 12, 16, 14, 15, 19, 7, 13, 13, 12, 12, 13, 11, 14, 15, 23, 13, 27, 12, 11, 15, 10, 11, 14, 18, 16, 21, 18, 9, 12, 17, 15, 14, 13, 16, 11, 15, 14, 18, 13, 14, 15, 15, 11, 15, 18, 16, 14, 17, 9, 12, 14, 13, 14, 14, 14, 12, 10, 11, 10, 6, 10, 9, 10, 16, 15, 14, 17, 17, 13, 15, 17, 10, 19, 17, 17, 17, 14, 12, 20, 20, 10, 8, 14, 13, 18, 17, 14, 12, 10, 15, 9, 14, 19, 13, 18, 13, 18, 13, 12, 12, 9, 16, 15, 15, 7, 22, 12, 17, 13, 10, 21, 20, 17, 9, 13, 16, 8, 12, 13, 16, 8, 14, 5, 10, 12, 19, 10, 15, 14, 15, 15, 14, 16, 9, 13, 17, 13, 13, 13, 18, 13, 18, 11, 13, 14, 15, 7, 9, 9, 13, 8, 12, 13, 9, 16, 17, 15, 12, 14, 16, 15, 17, 17, 13, 13, 14, 8, 17, 27, 13, 25, 20, 12], "payload": {"out": "17fefd0001000000000012014d000100000000001279ffdbb297975fb599acf4"}, "dp": 54954, "byte_dist_mean": 119.745675}
{"pr": 1, "time_start": 1533197148.956472, "bytes_out": 392, "sp": null, "packets": [], "time_end": 1533197153.829811, "byte_dist_std": 91.782881, "da": "192.168.3.213", "wht": [99.286, -9.551, 2.3316, 12.362], "idp_out": "4500003883", "entropy": 4.39516, "num_pkts_out": 14, "idp_len_out": 5, "ip": {"out": {"id": [33570, 5862, 25353, 8030, 29966, 56295, 19728, 50939, 51347, 56550, 48319, 56601, 45194, 13917], "ttl": 64}}, "expire_type": "a", "total_entropy": 1722.902798, "sa": "192.168.3.154", "byte_dist": [71, 28, 1, 28, 1, 0, 0, 0, 1, 0, 0, 0, 0, 0, 0, 0, 0, 14, 0, 0, 0, 0, 14, 0, 0, 0, 0, 0, 0, 0, 0, 0, 0, 0, 0, 0, 0, 0, 0, 0, 0, 0, 0, 0, 0, 0, 0, 0, 0, 0, 0, 0, 14, 0, 0, 0, 0, 0, 0, 0, 0, 0, 0, 0, 14, 0, 0, 0, 0, 14, 0, 0, 0, 0, 0, 0, 0, 0, 0, 0, 0, 0, 0, 0, 0, 0, 0, 0, 0, 0, 0, 0, 0, 0, 0, 0, 0, 0, 2, 12, 0, 0, 0, 0, 0, 0, 0, 0, 0, 0, 0, 0, 0, 0, 0, 0, 0, 0, 2, 12, 0, 0, 0, 0, 0, 0, 0, 0, 0, 0, 0, 0, 0, 0, 0, 0, 0, 0, 0, 0, 0, 0, 0, 0, 0, 0, 0, 0, 0, 0, 0, 0, 0, 0, 14, 0, 0, 0, 0, 0, 0, 0, 0, 0, 0, 0, 0, 0, 28, 0, 14, 0, 0, 0, 1, 0, 0, 1, 0, 1, 0, 1, 0, 0, 1, 0, 0, 1, 0, 1, 0, 1, 29, 1, 1, 1, 1, 1, 0, 0, 0, 0, 0, 0, 0, 0, 0, 0, 0, 0, 0, 0, 0, 14, 14, 0, 0, 0, 0, 0, 0, 0, 0, 0, 0, 0, 0, 0, 0, 0, 0, 0, 0, 0, 0, 0, 0, 0, 0, 0, 11, 5, 1, 1, 1, 1, 0, 1, 1, 0, 1, 0, 0, 1, 0, 14], "payload": {"out": "4500017600ae4000ff11f108c0a803d5c0a8039a1634d6aa01620000"}, "dp": null, "byte_dist_mean": 99.285714}
{"pr": 2, "time_start": 1533197188.044626, "bytes_out": 8, "sp": null, "packets": [], "time_end": 1533197188.044626, "byte_dist_std": 91.374817, "da": "224.0.0.1", "wht": [63.75, 0, -34.5, -20.75], "idp_out": "46c0002000", "entropy": 2.0, "num_pkts_out": 1, "idp_len_out": 5, "ip": {"out": {"id": [0], "ttl": 1}}, "total_entropy": 16.0, "sa": "0.0.0.0", "byte_dist": [4, 0, 0, 0, 0, 0, 0, 0, 0, 0, 0, 0, 0, 0, 0, 0, 0, 1, 0, 0, 0, 0, 0, 0, 0, 0, 0, 0, 0, 0, 0, 0, 0, 0, 0, 0, 0, 0, 0, 0, 0, 0, 0, 0, 0, 0, 0, 0, 0, 0, 0, 0, 0, 0, 0, 0, 0, 0, 0, 0, 0, 0, 0, 0, 0, 0, 0, 0, 0, 0, 0, 0, 0, 0, 0, 0, 0, 0, 0, 0, 0, 0, 0, 0, 0, 0, 0, 0, 0, 0, 0, 0, 0, 0, 0, 0, 0, 0, 0, 0, 1, 0, 0, 0, 0, 0, 0, 0, 0, 0, 0, 0, 0, 0, 0, 0, 0, 0, 0, 0, 0, 0, 0, 0, 0, 0, 0, 0, 0, 0, 0, 0, 0, 0, 0, 0, 0, 0, 0, 0, 0, 0, 0, 0, 0, 0, 0, 0, 0, 0, 0, 0, 0, 0, 0, 1, 0, 0, 0, 0, 0, 0, 0, 0, 0, 0, 0, 0, 0, 0, 0, 0, 0, 0, 0, 0, 0, 0, 0, 0, 0, 0, 0, 0, 0, 0, 0, 0, 0, 0, 0, 0, 0, 0, 0, 0, 0, 0, 0, 0, 0, 0, 0, 0, 0, 0, 0, 0, 0, 0, 0, 0, 0, 0, 0, 0, 0, 0, 0, 0, 0, 0, 0, 0, 0, 0, 0, 0, 0, 0, 0, 0, 0, 0, 0, 0, 0, 0, 1, 0, 0, 0, 0, 0, 0, 0, 0, 0, 0, 0, 0, 0, 0, 0, 0, 0], "payload": {"out": "1164ee9b00000000"}, "dp": null, "byte_dist_mean": 63.75}
{"pr": 2, "time_start": 1533197188.164527, "bytes_out": 8, "sp": null, "packets": [], "time_end": 1533197188.164527, "byte_dist_std": 107.733467, "da": "224.0.0.251", "wht": [63.75, 0, -2.25, 61.5], "idp_out": "4600002000", "entropy": 2.405639, "num_pkts_out": 1, "idp_len_out": 5, "ip": {"out": {"id": [198], "ttl": 1}}, "total_entropy": 19.245111, "sa": "192.168.3.213", "byte_dist": [3, 0, 0, 0, 1, 0, 0, 0, 0, 1, 0, 0, 0, 0, 0, 0, 0, 0, 0, 0, 0, 0, 1, 0, 0, 0, 0, 0, 0, 0, 0, 0, 0, 0, 0, 0, 0, 0, 0, 0, 0, 0, 0, 0, 0, 0, 0, 0, 0, 0, 0, 0, 0, 0, 0, 0, 0, 0, 0, 0, 0, 0, 0, 0, 0, 0, 0, 0, 0, 0, 0, 0, 0, 0, 0, 0, 0, 0, 0, 0, 0, 0, 0, 0, 0, 0, 0, 0, 0, 0, 0, 0, 0, 0, 0, 0, 0, 0, 0, 0, 0, 0, 0, 0, 0, 0, 0, 0, 0, 0, 0, 0, 0, 0, 0, 0, 0, 0, 0, 0, 0, 0, 0, 0, 0, 0, 0, 0, 0, 0, 0, 0, 0, 0, 0, 0, 0, 0, 0, 0, 0, 0, 0, 0, 0, 0, 0, 0, 0, 0, 0, 0, 0, 0, 0, 0, 0, 0, 0, 0, 0, 0, 0, 0, 0, 0, 0, 0, 0, 0, 0, 0, 0, 0, 0, 0, 0, 0, 0, 0, 0, 0, 0, 0, 0, 0, 0, 0, 0, 0, 0, 0, 0, 0, 0, 0, 0, 0, 0, 0, 0, 0, 0, 0, 0, 0, 0, 0, 0, 0, 0, 0, 0, 0, 0, 0, 0, 0, 0, 0, 0, 0, 0, 0, 1, 0, 0, 0, 0, 0, 0, 0, 0, 0, 0, 0, 0, 0, 0, 0, 0, 0, 0, 0, 0, 0, 0, 0, 0, 0, 0, 1, 0, 0, 0, 0], "payload": {"out": "16000904e00000fb"}, "dp": null, "byte_dist_mean": 63.75}
