{"ip": {"in": {"id": [174, 175, 176, 177, 178, 179, 180, 181, 182, 183, 184, 185, 186, 189, 190, 191, 192, 193, 194, 195], "ttl": 255}, "out": {"id": [60484, 16831, 59053, 21991, 27063, 58701, 14140, 36435, 6556, 26100, 44977, 56384, 13148, 17460, 56067, 27898, 40149, 2924, 55567], "ttl": 64}}, "idp_in": "4500005800", "time_end": 1536820092.000524, "entropy": 2.123909, "payload": {"in": "16fefd0000000000000000002f030000230000000000000023fefd206cd1b05c", "out": "16fefd000000000000000000380100002c000000000000002cfefdb6683cc8a4"}, "num_pkts_out": 19, "pr": 17, "time_start": 1536820091.817826, "bytes_in": 2963, "num_pkts_in": 20, "bytes_out": 1114, "byte_dist_std": 65.017571, "da": "192.168.3.213", "wht": [109.3, 0.62669, 1.5774, -4.9848], "byte_dist_mean": 109.295315, "idp_len_out": 5, "total_entropy": 8659.176979, "byte_dist": [144, 20, 4, 5, 3, 4, 5, 3, 3, 4, 3, 3, 5, 2, 3, 4, 2, 3, 2, 2, 5, 0, 5, 10, 3, 3, 2, 3, 3, 4, 2, 3, 3, 3, 3, 2, 2, 3, 4, 2, 3, 3, 4, 2, 3, 5, 2, 4, 3, 3, 2, 1, 2, 3, 3, 3, 4, 2, 2, 3, 3, 2, 2, 3, 4, 3, 2, 2, 3, 3, 2, 4, 3, 2, 2, 1, 3, 3, 3, 3, 3, 2, 3, 2, 1, 3, 4, 4, 3, 2, 4, 5, 3, 2, 2, 3, 3, 4, 4, 4, 2, 3, 3, 4, 4, 3, 3, 2, 2, 3, 2, 2, 3, 4, 3, 2, 4, 4, 3, 2, 3, 3, 4, 2, 3, 2, 2, 2, 4, 3, 2, 2, 3, 3, 4, 3, 1, 3, 3, 2, 2, 3, 3, 2, 2, 3, 2, 2, 3, 2, 3, 3, 2, 2, 4, 2, 2, 3, 3, 2, 2, 1, 1, 3, 3, 3, 3, 1, 3, 3, 3, 2, 1, 4, 4, 3, 3, 4, 4, 3, 3, 2, 4, 2, 2, 3, 2, 3, 3, 3, 4, 2, 3, 3, 2, 3, 2, 2, 4, 4, 4, 3, 3, 3, 2, 3, 3, 3, 2, 4, 2, 2, 2, 3, 3, 4, 2, 2, 3, 3, 4, 3, 6, 1, 3, 4, 2, 2, 2, 5, 3, 2, 4, 3, 2, 2, 3, 3, 3, 3, 2, 3, 3, 3, 4, 4, 3, 3, 3, 5, 3, 4, 4, 13, 15, 3], "dp": 5684, "idp_len_in": 5, "sp": 51197, "packets": [], "idp_out": "45000061ec", "sa": "192.168.3.177"}
{"pr": 17, "time_start": 1536820091.930692, "bytes_out": 898, "sp": 5684, "packets": [], "time_end": 1536820094.769715, "byte_dist_std": 77.181415, "da": "192.168.3.177", "wht": [122.77, 4.0178, -1.1626, 1.2428], "idp_out": "450001dd00", "entropy": 7.714726, "num_pkts_out": 2, "idp_len_out": 5, "ip": {"out": {"id": [187, 197], "ttl": 255}}, "total_entropy": 6927.823922, "sa": "192.168.3.213", "byte_dist": [29, 7, 1, 4, 5, 4, 5, 3, 5, 5, 5, 4, 5, 3, 0, 4, 2, 2, 4, 6, 5, 3, 2, 4, 6, 7, 2, 3, 1, 3, 3, 4, 4, 3, 4, 2, 4, 2, 3, 5, 2, 3, 3, 3, 3, 2, 3, 6, 2, 3, 3, 3, 3, 3, 2, 1, 0, 9, 5, 0, 7, 5, 2, 2, 4, 6, 3, 3, 0, 8, 2, 1, 3, 2, 4, 1, 3, 2, 3, 4, 3, 5, 4, 0, 5, 3, 5, 2, 4, 6, 5, 8, 2, 4, 4, 7, 3, 4, 2, 4, 3, 4, 5, 2, 5, 2, 4, 3, 7, 2, 3, 0, 4, 7, 2, 7, 4, 5, 3, 1, 1, 4, 3, 5, 2, 4, 1, 5, 5, 2, 2, 3, 7, 2, 2, 5, 3, 1, 3, 1, 3, 5, 1, 2, 1, 2, 6, 5, 2, 1, 3, 3, 4, 2, 3, 3, 7, 5, 3, 1, 6, 3, 4, 3, 4, 4, 4, 2, 5, 3, 2, 4, 1, 4, 1, 7, 2, 0, 4, 5, 4, 6, 6, 3, 2, 3, 1, 2, 5, 5, 5, 3, 2, 1, 7, 1, 4, 3, 2, 2, 2, 3, 6, 4, 2, 2, 4, 4, 3, 0, 1, 3, 9, 2, 2, 5, 3, 1, 3, 0, 3, 5, 0, 1, 2, 5, 4, 4, 4, 5, 5, 2, 0, 6, 3, 4, 0, 3, 5, 5, 2, 4, 4, 5, 1, 2, 3, 6, 3, 4, 5, 4, 2, 6, 9, 5], "payload": {"out": "17fefd000100000000001201b400010000000000129c76041014f0f2caee0027"}, "dp": 55267, "byte_dist_mean": 122.766147}
{"pr": 1, "time_start": 1536820091.933041, "bytes_out": 112, "sp": null, "packets": [], "time_end": 1536820094.871582, "byte_dist_std": 94.570054, "da": "192.168.3.213", "wht": [105.77, -16.268, 3.4464, 11.482], "idp_out": "4500003847", "entropy": 4.321297, "num_pkts_out": 4, "idp_len_out": 5, "ip": {"out": {"id": [18245, 15397, 8350, 55416], "ttl": 64}}, "total_entropy": 483.985229, "sa": "192.168.3.177", "byte_dist": [20, 8, 0, 8, 0, 0, 0, 0, 0, 0, 0, 0, 0, 0, 0, 0, 0, 4, 0, 0, 0, 0, 4, 0, 0, 0, 0, 0, 0, 0, 0, 0, 0, 0, 0, 0, 0, 0, 0, 0, 0, 0, 0, 0, 0, 0, 0, 0, 0, 0, 0, 0, 4, 0, 0, 0, 0, 0, 0, 0, 0, 0, 0, 0, 4, 0, 0, 0, 0, 4, 0, 0, 0, 0, 0, 0, 0, 0, 0, 0, 0, 0, 0, 0, 0, 0, 0, 0, 0, 0, 0, 0, 0, 0, 0, 0, 0, 0, 0, 0, 0, 0, 0, 0, 0, 0, 0, 0, 0, 0, 0, 0, 0, 0, 0, 1, 1, 0, 0, 0, 0, 0, 0, 0, 1, 1, 0, 0, 0, 0, 0, 0, 2, 0, 0, 0, 0, 0, 0, 0, 0, 0, 0, 0, 0, 0, 0, 0, 0, 0, 0, 0, 0, 0, 0, 0, 0, 0, 0, 0, 0, 0, 0, 0, 0, 0, 0, 0, 8, 0, 0, 0, 0, 0, 0, 0, 0, 4, 0, 0, 0, 0, 0, 0, 0, 0, 0, 1, 1, 0, 0, 0, 8, 0, 0, 0, 1, 1, 0, 0, 0, 4, 0, 0, 0, 0, 0, 2, 0, 0, 0, 0, 0, 4, 0, 2, 0, 0, 0, 0, 0, 4, 0, 0, 0, 0, 0, 2, 0, 0, 0, 0, 0, 0, 0, 0, 0, 0, 0, 0, 4, 0, 0, 0, 0, 0, 0, 0, 0, 0, 0, 0, 0, 0, 0, 4], "payload": {"out": "450001dd00bb4000ff11f07dc0a803d5c0a803b11634d7e301c90000"}, "dp": null, "byte_dist_mean": 105.767857}
{"pr": 17, "time_start": 1536820091.936938, "bytes_out": 898, "sp": 5684, "packets": [], "time_end": 1536820094.092724, "byte_dist_std": 76.22053, "da": "192.168.3.177", "wht": [125.06, 1.892, 1.4154, 3.6448], "idp_out": "450001dd00", "entropy": 7.772587, "num_pkts_out": 2, "idp_len_out": 5, "ip": {"out": {"id": [188, 196], "ttl": 255}}, "total_entropy": 6979.783395, "sa": "192.168.3.213", "byte_dist": [25, 6, 5, 3, 5, 4, 3, 4, 7, 3, 4, 3, 6, 3, 2, 3, 7, 2, 1, 5, 3, 2, 4, 4, 3, 1, 4, 3, 6, 2, 2, 5, 4, 4, 3, 1, 2, 3, 4, 2, 1, 2, 2, 2, 5, 2, 3, 5, 3, 5, 3, 3, 5, 2, 4, 6, 3, 4, 4, 2, 3, 4, 2, 3, 2, 3, 5, 3, 5, 1, 2, 4, 0, 1, 3, 5, 3, 5, 5, 2, 2, 3, 3, 2, 2, 3, 5, 5, 7, 1, 3, 2, 0, 4, 1, 5, 5, 3, 2, 6, 2, 3, 4, 3, 2, 3, 2, 4, 1, 3, 3, 2, 2, 6, 4, 6, 4, 4, 4, 5, 4, 5, 1, 5, 5, 6, 5, 2, 6, 0, 2, 4, 6, 2, 6, 8, 3, 2, 5, 2, 5, 4, 6, 3, 4, 3, 2, 4, 2, 4, 2, 2, 3, 3, 0, 3, 8, 4, 3, 8, 3, 4, 3, 6, 4, 3, 4, 1, 3, 2, 2, 3, 2, 0, 5, 2, 3, 4, 2, 3, 5, 2, 2, 3, 0, 1, 5, 5, 5, 2, 3, 2, 1, 4, 5, 8, 4, 7, 4, 2, 7, 3, 5, 3, 3, 2, 3, 2, 2, 4, 2, 3, 4, 5, 3, 3, 5, 6, 2, 3, 1, 5, 3, 4, 5, 4, 5, 3, 2, 5, 0, 4, 4, 3, 5, 5, 4, 4, 0, 6, 6, 2, 5, 4, 4, 2, 2, 2, 1, 1, 3, 2, 3, 7, 6, 4], "payload": {"out": "17fefd000100000000001001b40001000000000010e91271f3e42ee1e09f27e4"}, "dp": 53124, "byte_dist_mean": 125.061247}
