{"pr": 2, "time_start": 1536820698.290619, "bytes_out": 8, "sp": null, "packets": [], "time_end": 1536820698.290619, "byte_dist_std": 91.374817, "da": "224.0.0.1", "wht": [63.75, 0, -34.5, -20.75], "idp_out": "46c0002000", "entropy": 2.0, "num_pkts_out": 1, "idp_len_out": 5, "ip": {"out": {"id": [0], "ttl": 1}}, "expire_type": "i", "total_entropy": 16.0, "sa": "0.0.0.0", "byte_dist": [4, 0, 0, 0, 0, 0, 0, 0, 0, 0, 0, 0, 0, 0, 0, 0, 0, 1, 0, 0, 0, 0, 0, 0, 0, 0, 0, 0, 0, 0, 0, 0, 0, 0, 0, 0, 0, 0, 0, 0, 0, 0, 0, 0, 0, 0, 0, 0, 0, 0, 0, 0, 0, 0, 0, 0, 0, 0, 0, 0, 0, 0, 0, 0, 0, 0, 0, 0, 0, 0, 0, 0, 0, 0, 0, 0, 0, 0, 0, 0, 0, 0, 0, 0, 0, 0, 0, 0, 0, 0, 0, 0, 0, 0, 0, 0, 0, 0, 0, 0, 1, 0, 0, 0, 0, 0, 0, 0, 0, 0, 0, 0, 0, 0, 0, 0, 0, 0, 0, 0, 0, 0, 0, 0, 0, 0, 0, 0, 0, 0, 0, 0, 0, 0, 0, 0, 0, 0, 0, 0, 0, 0, 0, 0, 0, 0, 0, 0, 0, 0, 0, 0, 0, 0, 0, 1, 0, 0, 0, 0, 0, 0, 0, 0, 0, 0, 0, 0, 0, 0, 0, 0, 0, 0, 0, 0, 0, 0, 0, 0, 0, 0, 0, 0, 0, 0, 0, 0, 0, 0, 0, 0, 0, 0, 0, 0, 0, 0, 0, 0, 0, 0, 0, 0, 0, 0, 0, 0, 0, 0, 0, 0, 0, 0, 0, 0, 0, 0, 0, 0, 0, 0, 0, 0, 0, 0, 0, 0, 0, 0, 0, 0, 0, 0, 0, 0, 0, 0, 1, 0, 0, 0, 0, 0, 0, 0, 0, 0, 0, 0, 0, 0, 0, 0, 0, 0], "payload": {"out": "1164ee9b00000000"}, "dp": null, "byte_dist_mean": 63.75}
{"pr": 2, "time_start": 1536820698.662399, "bytes_out": 8, "sp": null, "packets": [], "time_end": 1536820698.662399, "byte_dist_std": 107.733467, "da": "224.0.0.251", "wht": [63.75, 0, -2.25, 61.5], "idp_out": "4600002002", "entropy": 2.405639, "num_pkts_out": 1, "idp_len_out": 5, "ip": {"out": {"id": [529], "ttl": 1}}, "expire_type": "i", "total_entropy": 19.245111, "sa": "192.168.3.213", "byte_dist": [3, 0, 0, 0, 1, 0, 0, 0, 0, 1, 0, 0, 0, 0, 0, 0, 0, 0, 0, 0, 0, 0, 1, 0, 0, 0, 0, 0, 0, 0, 0, 0, 0, 0, 0, 0, 0, 0, 0, 0, 0, 0, 0, 0, 0, 0, 0, 0, 0, 0, 0, 0, 0, 0, 0, 0, 0, 0, 0, 0, 0, 0, 0, 0, 0, 0, 0, 0, 0, 0, 0, 0, 0, 0, 0, 0, 0, 0, 0, 0, 0, 0, 0, 0, 0, 0, 0, 0, 0, 0, 0, 0, 0, 0, 0, 0, 0, 0, 0, 0, 0, 0, 0, 0, 0, 0, 0, 0, 0, 0, 0, 0, 0, 0, 0, 0, 0, 0, 0, 0, 0, 0, 0, 0, 0, 0, 0, 0, 0, 0, 0, 0, 0, 0, 0, 0, 0, 0, 0, 0, 0, 0, 0, 0, 0, 0, 0, 0, 0, 0, 0, 0, 0, 0, 0, 0, 0, 0, 0, 0, 0, 0, 0, 0, 0, 0, 0, 0, 0, 0, 0, 0, 0, 0, 0, 0, 0, 0, 0, 0, 0, 0, 0, 0, 0, 0, 0, 0, 0, 0, 0, 0, 0, 0, 0, 0, 0, 0, 0, 0, 0, 0, 0, 0, 0, 0, 0, 0, 0, 0, 0, 0, 0, 0, 0, 0, 0, 0, 0, 0, 0, 0, 0, 0, 1, 0, 0, 0, 0, 0, 0, 0, 0, 0, 0, 0, 0, 0, 0, 0, 0, 0, 0, 0, 0, 0, 0, 0, 0, 0, 0, 1, 0, 0, 0, 0], "payload": {"out": "16000904e00000fb"}, "dp": null, "byte_dist_mean": 63.75}
{"ip": {"in": {"id": [509, 510, 511, 512, 513, 514, 515, 516, 517, 518, 519, 520, 521, 522, 523, 524, 525, 526, 527, 528, 530, 531, 532, 533, 534, 535, 536, 537, 538, 539, 540, 541, 542, 543], "ttl": 255}, "out": {"id": [39647, 64543, 63570, 65152, 37162, 39080, 23902, 56353, 43749, 44799, 42215, 15278, 12634, 45131, 57397, 53343, 27572, 19962, 20222, 24355, 61510, 35634, 57549, 31034, 46185, 23911, 15461, 32182, 46715, 28953, 60299, 53781, 30524, 49367], "ttl": 64}}, "idp_in": "4500004101", "time_end": 1536820715.356726, "expire_type": "a", "entropy": 1.40784, "payload": {"in": "17fefd000100000000012500180001000000000125f219b0cb9053ccc66a0b85", "out": "17fefd0001000000000125003e00000000000001251ac598648516b148a079a4"}, "num_pkts_out": 34, "pr": 17, "time_start": 1536820681.800037, "bytes_in": 7484, "num_pkts_in": 34, "bytes_out": 1500, "byte_dist_std": 67.36957, "da": "192.168.3.213", "wht": [111.5, 1.0501, 1.0939, -3.0561], "byte_dist_mean": 111.50423, "idp_len_out": 5, "total_entropy": 12648.032539, "byte_dist": [155, 50, 4, 7, 4, 5, 5, 4, 4, 2, 4, 5, 3, 3, 5, 4, 5, 4, 1, 5, 9, 5, 3, 16, 5, 5, 2, 4, 4, 4, 5, 4, 4, 4, 3, 4, 7, 5, 6, 5, 6, 6, 3, 5, 4, 3, 4, 6, 3, 5, 6, 5, 3, 6, 5, 4, 5, 4, 5, 4, 4, 6, 6, 3, 5, 3, 6, 3, 5, 6, 4, 4, 4, 4, 5, 4, 2, 3, 3, 5, 4, 4, 3, 5, 3, 3, 3, 5, 4, 4, 4, 5, 3, 5, 5, 5, 3, 3, 4, 4, 3, 4, 4, 4, 4, 2, 5, 2, 3, 5, 4, 3, 4, 3, 5, 5, 5, 2, 4, 4, 2, 5, 5, 2, 5, 4, 3, 6, 2, 5, 6, 3, 2, 5, 3, 4, 5, 6, 4, 4, 6, 4, 3, 4, 5, 3, 4, 3, 3, 3, 3, 2, 4, 5, 4, 3, 4, 4, 4, 1, 2, 5, 4, 3, 3, 4, 3, 4, 3, 2, 2, 3, 3, 4, 4, 4, 2, 2, 3, 4, 3, 5, 4, 5, 4, 5, 3, 4, 5, 4, 5, 3, 2, 4, 4, 3, 2, 6, 4, 4, 5, 4, 4, 2, 4, 3, 4, 2, 4, 2, 4, 5, 4, 3, 3, 3, 4, 5, 3, 5, 4, 4, 3, 4, 2, 3, 3, 3, 4, 4, 2, 4, 3, 3, 4, 3, 3, 4, 5, 5, 2, 4, 4, 5, 5, 3, 4, 2, 2, 4, 4, 4, 4, 18, 15, 5], "dp": 5684, "idp_len_in": 5, "sp": 51197, "packets": [], "idp_out": "450000679a", "sa": "192.168.3.177"}
