{"ip": {"in": {"id": [432, 433, 434, 435, 436, 437, 438, 439, 440, 441, 442, 443, 444, 445, 446, 447, 448], "ttl": 255}, "out": {"id": [30076, 7074, 64903, 2115, 7231, 10765, 45873, 7936, 49972, 35222, 24209, 33672, 44052, 31541, 4746, 40311, 38186], "ttl": 64}}, "idp_in": "4500004101", "time_end": 1542218649.725672, "expire_type": "a", "entropy": 4.192309, "payload": {"in": "17fefd0001000000000020001800010000000000201cb5a7c8de4455e165eebb", "out": "17fefd0001000000000020003e000000000000002013cbaeb179b9d3a80b919d"}, "num_pkts_out": 17, "pr": 17, "time_start": 1542218629.848172, "bytes_in": 3923, "num_pkts_in": 17, "bytes_out": 802, "byte_dist_std": 67.620218, "da": "192.168.3.213", "wht": [113.61, 2.1071, 0.70561, -1.5826], "byte_dist_mean": 113.607619, "idp_len_out": 5, "total_entropy": 19808.661819, "byte_dist": [230, 40, 8, 5, 7, 9, 7, 10, 8, 10, 10, 7, 5, 8, 8, 9, 11, 6, 10, 12, 15, 5, 5, 27, 7, 9, 4, 9, 10, 6, 8, 9, 13, 7, 10, 11, 6, 10, 9, 10, 10, 6, 12, 9, 10, 9, 10, 11, 10, 7, 4, 8, 7, 8, 6, 6, 7, 4, 10, 6, 8, 6, 8, 6, 9, 9, 5, 7, 6, 8, 3, 6, 8, 9, 10, 6, 10, 5, 9, 9, 8, 12, 9, 7, 8, 6, 6, 6, 14, 9, 9, 9, 8, 9, 5, 6, 4, 8, 9, 5, 7, 6, 7, 4, 6, 6, 6, 9, 10, 7, 7, 5, 8, 6, 5, 6, 9, 10, 8, 7, 8, 8, 5, 8, 8, 10, 5, 10, 3, 8, 9, 9, 11, 6, 8, 7, 10, 8, 9, 5, 7, 8, 12, 7, 9, 7, 5, 6, 10, 5, 8, 7, 8, 13, 12, 6, 8, 6, 8, 5, 11, 6, 9, 11, 7, 8, 6, 9, 5, 7, 6, 10, 6, 8, 5, 6, 10, 5, 8, 8, 6, 10, 7, 8, 10, 7, 8, 9, 6, 10, 6, 8, 3, 9, 8, 6, 9, 8, 7, 8, 9, 10, 12, 8, 7, 8, 8, 7, 8, 6, 9, 8, 9, 7, 9, 5, 6, 8, 8, 6, 5, 7, 9, 7, 7, 6, 8, 6, 5, 9, 8, 7, 9, 8, 8, 9, 7, 10, 11, 6, 10, 6, 9, 6, 7, 10, 5, 8, 10, 8, 9, 8, 6, 27, 25, 6], "dp": 5684, "idp_len_in": 5, "sp": 59688, "packets": [], "idp_out": "4500006775", "sa": "192.168.3.177"}
{"pr": 17, "time_start": 1542218673.030276, "bytes_out": 124, "sp": 5353, "packets": [], "time_end": 1542218673.030276, "byte_dist_std": 54.914322, "da": "224.0.0.251", "wht": [65.726, 1.9194, -0.51613, -0.96774], "idp_out": "4500009803", "entropy": 4.744648, "num_pkts_out": 1, "idp_len_out": 5, "ip": {"out": {"id": [950], "ttl": 255}}, "expire_type": "i", "total_entropy": 588.33629, "sa": "192.168.3.177", "byte_dist": [25, 6, 0, 0, 4, 1, 0, 0, 1, 0, 0, 0, 6, 0, 0, 2, 0, 0, 1, 0, 0, 0, 0, 0, 0, 0, 0, 0, 2, 0, 0, 0, 1, 1, 0, 0, 0, 0, 0, 0, 0, 0, 0, 0, 2, 2, 0, 0, 0, 0, 0, 0, 0, 0, 0, 0, 0, 0, 0, 0, 0, 0, 0, 0, 0, 1, 0, 0, 1, 0, 1, 0, 0, 1, 0, 0, 0, 0, 0, 0, 0, 0, 2, 0, 1, 0, 0, 0, 0, 0, 0, 0, 0, 0, 0, 6, 0, 5, 0, 3, 1, 4, 0, 1, 2, 3, 0, 2, 4, 2, 3, 5, 6, 0, 1, 1, 3, 1, 0, 1, 1, 2, 0, 0, 0, 0, 0, 0, 0, 0, 0, 0, 0, 0, 1, 0, 0, 0, 0, 0, 0, 0, 0, 0, 0, 0, 0, 0, 0, 0, 0, 0, 0, 0, 0, 0, 0, 0, 0, 0, 0, 0, 0, 0, 0, 0, 0, 0, 0, 0, 0, 0, 0, 0, 0, 0, 0, 0, 0, 0, 0, 0, 0, 0, 0, 0, 0, 0, 0, 0, 0, 0, 5, 0, 0, 0, 0, 0, 0, 0, 0, 0, 0, 0, 0, 0, 0, 0, 0, 0, 0, 0, 0, 0, 0, 0, 0, 0, 0, 0, 0, 0, 0, 0, 0, 0, 0, 0, 0, 0, 0, 0, 0, 0, 0, 0, 0, 0, 0, 0, 0, 0, 0, 0, 0, 0, 0, 0, 0, 0, 0, 0, 0, 0, 0, 0], "payload": {"out": "0000000000040001000000000f5f636f6d70616e696f6e2d6c696e6b045f7463"}, "dp": 5353, "byte_dist_mean": 65.725806}
{"pr": 2, "time_start": 1542218706.90681, "bytes_out": 8, "sp": null, "packets": [], "time_end": 1542218706.90681, "byte_dist_std": 91.374817, "da": "224.0.0.1", "wht": [63.75, 0, -34.5, -20.75], "idp_out": "46c0002000", "entropy": 2.0, "num_pkts_out": 1, "idp_len_out": 5, "ip": {"out": {"id": [0], "ttl": 1}}, "expire_type": "i", "total_entropy": 16.0, "sa": "0.0.0.0", "byte_dist": [4, 0, 0, 0, 0, 0, 0, 0, 0, 0, 0, 0, 0, 0, 0, 0, 0, 1, 0, 0, 0, 0, 0, 0, 0, 0, 0, 0, 0, 0, 0, 0, 0, 0, 0, 0, 0, 0, 0, 0, 0, 0, 0, 0, 0, 0, 0, 0, 0, 0, 0, 0, 0, 0, 0, 0, 0, 0, 0, 0, 0, 0, 0, 0, 0, 0, 0, 0, 0, 0, 0, 0, 0, 0, 0, 0, 0, 0, 0, 0, 0, 0, 0, 0, 0, 0, 0, 0, 0, 0, 0, 0, 0, 0, 0, 0, 0, 0, 0, 0, 1, 0, 0, 0, 0, 0, 0, 0, 0, 0, 0, 0, 0, 0, 0, 0, 0, 0, 0, 0, 0, 0, 0, 0, 0, 0, 0, 0, 0, 0, 0, 0, 0, 0, 0, 0, 0, 0, 0, 0, 0, 0, 0, 0, 0, 0, 0, 0, 0, 0, 0, 0, 0, 0, 0, 1, 0, 0, 0, 0, 0, 0, 0, 0, 0, 0, 0, 0, 0, 0, 0, 0, 0, 0, 0, 0, 0, 0, 0, 0, 0, 0, 0, 0, 0, 0, 0, 0, 0, 0, 0, 0, 0, 0, 0, 0, 0, 0, 0, 0, 0, 0, 0, 0, 0, 0, 0, 0, 0, 0, 0, 0, 0, 0, 0, 0, 0, 0, 0, 0, 0, 0, 0, 0, 0, 0, 0, 0, 0, 0, 0, 0, 0, 0, 0, 0, 0, 0, 1, 0, 0, 0, 0, 0, 0, 0, 0, 0, 0, 0, 0, 0, 0, 0, 0, 0], "payload": {"out": "1164ee9b00000000"}, "dp": null, "byte_dist_mean": 63.75}
{"pr": 2, "time_start": 1542218709.507731, "bytes_out": 8, "sp": null, "packets": [], "time_end": 1542218709.507731, "byte_dist_std": 107.733467, "da": "224.0.0.251", "wht": [63.75, 0, -2.25, 61.5], "idp_out": "4600002001", "entropy": 2.405639, "num_pkts_out": 1, "idp_len_out": 5, "ip": {"out": {"id": [457], "ttl": 1}}, "expire_type": "i", "total_entropy": 19.245111, "sa": "192.168.3.213", "byte_dist": [3, 0, 0, 0, 1, 0, 0, 0, 0, 1, 0, 0, 0, 0, 0, 0, 0, 0, 0, 0, 0, 0, 1, 0, 0, 0, 0, 0, 0, 0, 0, 0, 0, 0, 0, 0, 0, 0, 0, 0, 0, 0, 0, 0, 0, 0, 0, 0, 0, 0, 0, 0, 0, 0, 0, 0, 0, 0, 0, 0, 0, 0, 0, 0, 0, 0, 0, 0, 0, 0, 0, 0, 0, 0, 0, 0, 0, 0, 0, 0, 0, 0, 0, 0, 0, 0, 0, 0, 0, 0, 0, 0, 0, 0, 0, 0, 0, 0, 0, 0, 0, 0, 0, 0, 0, 0, 0, 0, 0, 0, 0, 0, 0, 0, 0, 0, 0, 0, 0, 0, 0, 0, 0, 0, 0, 0, 0, 0, 0, 0, 0, 0, 0, 0, 0, 0, 0, 0, 0, 0, 0, 0, 0, 0, 0, 0, 0, 0, 0, 0, 0, 0, 0, 0, 0, 0, 0, 0, 0, 0, 0, 0, 0, 0, 0, 0, 0, 0, 0, 0, 0, 0, 0, 0, 0, 0, 0, 0, 0, 0, 0, 0, 0, 0, 0, 0, 0, 0, 0, 0, 0, 0, 0, 0, 0, 0, 0, 0, 0, 0, 0, 0, 0, 0, 0, 0, 0, 0, 0, 0, 0, 0, 0, 0, 0, 0, 0, 0, 0, 0, 0, 0, 0, 0, 1, 0, 0, 0, 0, 0, 0, 0, 0, 0, 0, 0, 0, 0, 0, 0, 0, 0, 0, 0, 0, 0, 0, 0, 0, 0, 0, 1, 0, 0, 0, 0], "payload": {"out": "16000904e00000fb"}, "dp": null, "byte_dist_mean": 63.75}
{"pr": 17, "time_start": 1542218762.684974, "bytes_out": 770, "sp": 5353, "packets": [], "time_end": 1542218762.712172, "byte_dist_std": 52.012569, "da": "224.0.0.251", "wht": [70.829, 3.0364, 0.64156, 1.6701], "idp_out": "4500019d01", "entropy": 5.363899, "num_pkts_out": 2, "idp_len_out": 5, "ip": {"out": {"id": [474, 475], "ttl": 255}}, "expire_type": "a", "total_entropy": 4130.202408, "sa": "192.168.3.213", "byte_dist": [108, 12, 0, 2, 26, 18, 2, 0, 0, 0, 0, 0, 2, 0, 0, 6, 4, 0, 2, 0, 2, 0, 0, 0, 0, 0, 0, 0, 8, 0, 0, 0, 8, 4, 0, 4, 0, 0, 0, 0, 0, 0, 2, 2, 0, 12, 2, 0, 6, 8, 20, 8, 4, 0, 2, 6, 8, 6, 10, 0, 0, 16, 0, 0, 0, 14, 2, 0, 16, 4, 16, 6, 0, 16, 0, 0, 0, 0, 0, 0, 2, 0, 28, 0, 14, 0, 0, 0, 0, 0, 0, 0, 0, 0, 0, 16, 0, 62, 12, 26, 10, 14, 12, 8, 8, 4, 0, 0, 28, 2, 0, 14, 18, 0, 0, 4, 22, 0, 2, 14, 0, 14, 0, 0, 0, 0, 0, 0, 10, 0, 0, 0, 2, 0, 0, 0, 0, 0, 0, 0, 0, 0, 0, 0, 0, 0, 0, 0, 0, 0, 0, 0, 0, 0, 0, 0, 0, 0, 0, 0, 0, 0, 0, 0, 0, 0, 0, 0, 2, 2, 0, 0, 0, 0, 0, 2, 0, 0, 0, 0, 0, 0, 0, 0, 0, 0, 2, 0, 0, 0, 0, 0, 2, 0, 0, 0, 0, 0, 0, 0, 0, 0, 0, 0, 0, 0, 0, 0, 0, 0, 0, 0, 0, 2, 0, 2, 0, 0, 0, 0, 0, 0, 0, 0, 0, 0, 0, 0, 0, 0, 0, 0, 0, 0, 0, 0, 0, 0, 0, 0, 0, 0, 0, 0, 0, 0, 0, 0, 0, 0, 0, 0, 0, 0, 4, 12], "payload": {"out": "000084000000000500000000045f686170045f746370056c6f63616c00000c00"}, "dp": 5353, "byte_dist_mean": 70.828571}
{"pr": 17, "time_start": 1542218922.264975, "bytes_out": 385, "sp": 5353, "packets": [], "time_end": 1542218922.264975, "byte_dist_std": 52.046421, "da": "192.168.3.177", "wht": [70.829, 3.0364, 0.64156, 1.6701], "idp_out": "4500019d01", "entropy": 5.363899, "num_pkts_out": 1, "idp_len_out": 5, "ip": {"out": {"id": [477], "ttl": 255}}, "expire_type": "i", "total_entropy": 2065.101204, "sa": "192.168.3.213",