{"ip": {"in": {"id": [125, 126, 127, 128, 129, 130, 131, 132, 133, 134, 135, 136, 137, 140, 141, 142, 143, 144, 145, 146], "ttl": 255}, "out": {"id": [7276, 43520, 9849, 21713, 19282, 48919, 7252, 31535, 23869, 1875, 50269, 7496, 5076, 20794, 34793, 22137, 31211, 35889, 29538], "ttl": 64}}, "idp_in": "4500005800", "time_end": 1536820025.794082, "expire_type": "i", "entropy": 2.130858, "payload": {"in": "16fefd0000000000000000002f030000230000000000000023fefd2092adf3b0", "out": "16fefd000000000000000000380100002c000000000000002cfefd2d1dcb7c48"}, "num_pkts_out": 19, "pr": 17, "time_start": 1536820025.584706, "bytes_in": 2963, "num_pkts_in": 20, "bytes_out": 1114, "byte_dist_std": 63.750093, "da": "192.168.3.213", "wht": [105.5, 1.4692, 1.1543, -3.8533], "byte_dist_mean": 105.500613, "idp_len_out": 5, "total_entropy": 8687.508812, "byte_dist": [143, 18, 5, 5, 4, 4, 4, 3, 4, 4, 4, 3, 4, 5, 4, 4, 4, 2, 3, 3, 4, 3, 6, 9, 2, 1, 2, 4, 2, 3, 2, 5, 2, 2, 3, 3, 2, 3, 4, 4, 3, 4, 4, 3, 4, 5, 3, 3, 4, 1, 2, 3, 4, 4, 3, 2, 3, 2, 4, 3, 3, 1, 2, 3, 3, 3, 4, 4, 3, 3, 3, 3, 4, 4, 4, 2, 2, 3, 3, 4, 2, 3, 3, 3, 3, 4, 4, 2, 3, 4, 2, 3, 2, 1, 2, 4, 2, 3, 5, 4, 5, 3, 2, 3, 3, 2, 4, 2, 2, 3, 1, 4, 2, 5, 3, 4, 1, 2, 4, 4, 3, 3, 2, 3, 2, 3, 4, 1, 3, 3, 3, 2, 2, 1, 3, 3, 4, 3, 3, 4, 3, 2, 3, 2, 2, 2, 3, 3, 2, 3, 3, 1, 2, 4, 4, 2, 4, 3, 2, 3, 4, 3, 3, 2, 3, 3, 3, 3, 4, 1, 2, 2, 2, 3, 4, 3, 3, 2, 1, 1, 2, 4, 3, 2, 3, 3, 1, 3, 3, 3, 1, 2, 5, 1, 2, 2, 3, 3, 2, 2, 3, 5, 3, 4, 6, 2, 2, 4, 3, 4, 2, 4, 2, 3, 2, 1, 2, 3, 2, 2, 1, 3, 2, 4, 4, 4, 2, 4, 3, 2, 3, 5, 2, 4, 3, 3, 4, 2, 3, 3, 1, 1, 2, 3, 2, 2, 3, 2, 2, 2, 3, 2, 2, 13, 14, 3], "dp": 5684, "idp_len_in": 5, "sp": 55267, "packets": [], "idp_out": "450000611c", "sa": "192.168.3.177"}
{"pr": 17, "time_start": 1536820025.711879, "bytes_out": 898, "sp": 5684, "packets": [], "time_end": 1536820028.468131, "byte_dist_std": 77.255571, "da": "192.168.3.177", "wht": [125.3, 2.4844, 0.73385, 2.3931], "idp_out": "450001dd00", "entropy": 7.734943, "num_pkts_out": 2, "idp_len_out": 5, "ip": {"out": {"id": [138, 147], "ttl": 255}}, "expire_type": "i", "total_entropy": 6945.978736, "sa": "192.168.3.213", "byte_dist": [30, 9, 1, 4, 3, 3, 8, 5, 5, 3, 4, 3, 2, 4, 5, 5, 3, 4, 2, 2, 3, 3, 2, 4, 3, 1, 2, 1, 1, 2, 6, 5, 4, 3, 8, 2, 3, 3, 5, 3, 2, 2, 1, 3, 3, 2, 3, 1, 5, 2, 5, 4, 2, 4, 1, 3, 4, 3, 4, 0, 3, 8, 3, 5, 2, 6, 2, 2, 2, 4, 3, 1, 2, 1, 3, 1, 5, 4, 2, 4, 0, 5, 4, 1, 6, 6, 3, 3, 5, 9, 3, 4, 1, 4, 2, 2, 3, 3, 3, 6, 3, 2, 3, 2, 3, 6, 3, 5, 1, 5, 5, 6, 1, 4, 3, 4, 5, 4, 0, 2, 3, 4, 3, 2, 1, 2, 3, 2, 2, 4, 5, 3, 6, 3, 4, 6, 3, 7, 3, 7, 3, 3, 2, 6, 1, 3, 0, 4, 4, 3, 4, 3, 3, 2, 6, 4, 2, 4, 6, 6, 3, 3, 3, 4, 5, 3, 4, 4, 3, 2, 4, 7, 5, 1, 2, 5, 5, 8, 2, 5, 4, 1, 1, 3, 3, 2, 5, 2, 4, 2, 4, 2, 3, 4, 5, 3, 3, 2, 0, 4, 2, 2, 6, 2, 1, 2, 2, 2, 4, 5, 5, 2, 2, 2, 2, 5, 2, 2, 6, 1, 6, 4, 4, 4, 1, 0, 0, 4, 2, 3, 3, 7, 4, 4, 2, 4, 4, 1, 6, 2, 7, 3, 3, 3, 1, 6, 5, 3, 6, 5, 8, 8, 2, 5, 5, 3], "payload": {"out": "17fefd000100000000001401b40001000000000014fb1ecd3fc2c0abe70f69fa"}, "dp": 63514, "byte_dist_mean": 125.297327}
{"pr": 1, "time_start": 1536820025.713144, "bytes_out": 112, "sp": null, "packets": [], "time_end": 1536820028.721342, "byte_dist_std": 94.901519, "da": "192.168.3.213", "wht": [102.84, -10.804, 2.875, 9.5179], "idp_out": "450000386b", "entropy": 4.321296, "num_pkts_out": 4, "idp_len_out": 5, "ip": {"out": {"id": [27594, 45366, 30014, 50094], "ttl": 64}}, "expire_type": "i", "total_entropy": 483.985176, "sa": "192.168.3.177", "byte_dist": [20, 8, 0, 8, 0, 0, 0, 0, 0, 0, 0, 0, 0, 0, 0, 0, 0, 4, 0, 0, 0, 0, 4, 0, 0, 0, 2, 0, 0, 0, 0, 0, 0, 0, 0, 0, 0, 0, 0, 0, 0, 0, 0, 0, 0, 0, 0, 0, 0, 0, 0, 0, 4, 0, 0, 0, 0, 0, 0, 0, 0, 0, 0, 0, 4, 0, 0, 0, 0, 4, 0, 0, 0, 0, 0, 0, 0, 0, 0, 0, 0, 0, 0, 0, 0, 0, 0, 0, 0, 0, 0, 0, 0, 0, 0, 0, 0, 0, 2, 0, 0, 0, 0, 0, 0, 0, 0, 0, 0, 0, 0, 0, 0, 0, 0, 0, 0, 0, 0, 0, 0, 0, 0, 0, 0, 0, 0, 0, 0, 0, 0, 0, 0, 0, 0, 0, 0, 0, 1, 1, 0, 0, 0, 0, 0, 0, 0, 1, 1, 0, 0, 0, 0, 0, 0, 0, 0, 0, 0, 0, 0, 0, 0, 0, 1, 1, 0, 0, 8, 0, 0, 0, 0, 1, 1, 0, 0, 4, 0, 0, 0, 0, 0, 0, 0, 0, 0, 0, 0, 0, 0, 0, 8, 0, 0, 0, 0, 0, 0, 0, 0, 4, 0, 0, 0, 0, 0, 0, 0, 0, 0, 0, 0, 4, 0, 0, 0, 0, 0, 0, 0, 4, 0, 0, 0, 0, 0, 0, 0, 0, 0, 0, 0, 0, 0, 0, 0, 0, 0, 0, 4, 0, 0, 0, 0, 2, 0, 0, 2, 0, 0, 0, 0, 0, 0, 4], "payload": {"out": "450001dd008a4000ff11f0aec0a803d5c0a803b11634f81a01c90000"}, "dp": null, "byte_dist_mean": 102.839286}
{"pr": 17, "time_start": 1536820025.718125, "bytes_out": 898, "sp": 5684, "packets": [], "time_end": 1536820028.607117, "byte_dist_std": 77.078097, "da": "192.168.3.177", "wht": [125.19, 0.90423, 3.6102, 0.25835], "idp_out": "450001dd00", "entropy": 7.713105, "num_pkts_out": 2, "idp_len_out": 5, "ip": {"out": {"id": [139, 148], "ttl": 255}}, "expire_type": "i", "total_entropy": 6926.368043, "sa": "192.168.3.213", "byte_dist": [24, 9, 2, 3, 2, 8, 1, 3, 4, 3, 2, 1, 6, 5, 1, 5, 5, 6, 3, 1, 4, 4, 5, 6, 4, 2, 6, 5, 5, 2, 4, 6, 0, 4, 2, 2, 1, 4, 8, 6, 4, 3, 3, 0, 4, 2, 4, 4, 0, 2, 2, 3, 4, 5, 8, 6, 1, 4, 2, 1, 0, 3, 5, 1, 4, 1, 2, 2, 3, 7, 6, 8, 2, 5, 6, 2, 4, 4, 1, 6, 1, 7, 1, 3, 2, 4, 1, 0, 6, 1, 1, 4, 0, 3, 4, 4, 0, 3, 5, 2, 4, 2, 5, 6, 4, 4, 0, 2, 3, 4, 2, 1, 0, 2, 2, 4, 0, 2, 7, 4, 2, 5, 4, 1, 5, 6, 5, 2, 4, 5, 6, 3, 4, 2, 3, 3, 5, 3, 3, 2, 4, 4, 3, 3, 2, 2, 1, 3, 3, 2, 2, 2, 4, 5, 4, 4, 0, 3, 7, 4, 5, 5, 4, 2, 3, 7, 4, 1, 3, 4, 2, 3, 1, 1, 8, 3, 4, 3, 2, 5, 2, 1, 4, 4, 4, 3, 0, 7, 6, 6, 1, 2, 4, 3, 2, 3, 6, 3, 4, 5, 1, 3, 4, 3, 3, 7, 6, 3, 6, 5, 2, 3, 4, 3, 3, 7, 4, 6, 1, 5, 6, 4, 3, 5, 3, 3, 1, 3, 4, 4, 6, 9, 4, 1, 4, 3, 2, 3, 5, 3, 3, 4, 3, 2, 4, 4, 5, 2, 2, 3, 1, 3, 3, 4, 7, 0], "payload": {"out": "17fefd000100000000001001b40001000000000010a292b0cba0af66d926a864"}, "dp": 62818, "byte_dist_mean": 125.187082}
{"pr": 17, "time_start": 1536820023.427145, "bytes_out": 600, "sp": 68, "packets": [], "time_end": 1536820036.525838, "byte_dist_std": 41.204506, "da": "255.255.255.255", "wht": [12.748, -0.995, 1.2483, -0.74833], "idp_out": "4510014800", "entropy": 1.262944, "num_pkts_out": 2, "idp_len_out": 5, "ip": {"out": {"id": [0, 0], "ttl": 128}}, "total_entropy": 757.766533, "sa": "0.0.0.0", "dhcp": [{"hlen": "6", "xid": "2765315184", "ciaddr": "0.0.0.0", "hops": "0", "giaddr": "0.0.0.0", "chaddr": "90e6ba3b473800000000000000000000", "yiaddr": "0.0.0.0", "secs": "22", "flags": "0", "htype": "1", "siaddr": "0.0.0.0", "options": [{"msg_type": "DHCPDISCOVER"}, {"address_request": "0a000020"}, {"hostname": "7374617274"}, {"parameter_list": "011c02030f06770c2c2f1a792af921fc"}], "op": "1"}, {"hlen": "6", "xid": "2765315184", "ciaddr": "0.0.0.0", "hops": "0", "giaddr": "0.0.0.0", "chaddr": "90e6ba3b473800000000000000000000", "yiaddr": "0.0.0.0", "secs": "35", "flags": "0", "htype": "1", "siaddr": "0.0.0.0", "options": [{"msg_type": "DHCPDISCOVER"}, {"address_request": "0a000020"}, {"hostname": "7374617274"}, {"parameter_list": "011c02030f06770c2c2f1a792af921fc"}], "op": "1"}], "byte_dist": [249, 5, 1, 1, 1, 1, 2, 0, 0, 0, 1, 0, 2, 0, 0, 1, 1, 0, 0, 0, 0, 0, 0, 0, 0, 0, 1, 0, 1, 0, 0, 0, 1, 1, 0, 0, 0, 0, 0, 0, 0, 0, 1, 0, 1, 0, 0, 1, 0, 0, 1, 0, 0, 1, 0, 1, 1, 0, 0, 1, 0, 0, 0, 0, 0, 0, 0, 0, 0, 0, 0, 1, 0, 0, 0, 0, 0, 0, 0, 0, 0, 0, 0, 1, 0, 0, 0, 0, 0, 0, 0, 0, 1, 0, 0, 0, 0, 1, 0, 2, 0, 0, 0, 0, 0, 0, 0, 0, 0, 0, 0, 0, 1, 0, 1, 1, 2, 0, 0, 1, 0, 1, 0, 0, 0, 0, 0, 0, 0, 0, 1, 0, 0, 0, 0, 0, 0, 0, 0, 0, 0, 0, 0, 0, 1, 0, 0, 0, 0, 0, 0, 0, 0, 0, 0, 0, 0, 0, 0, 0, 0, 0, 0, 0, 1, 0, 0, 0, 0, 0, 0, 0, 0, 0, 0, 0, 0, 0, 0, 0, 0, 0, 0, 0, 0, 0, 1, 0, 0, 0, 0, 0, 0, 0, 0, 0, 0, 0, 0, 0, 0, 0, 0, 0, 0, 0, 0, 0, 0, 0, 0, 1, 0, 0, 0, 0, 0, 0, 0, 0, 0, 0, 0, 0, 0, 0, 0, 0, 0, 0, 1, 0, 0, 0, 0, 0, 0, 0, 0, 0, 0, 0, 0, 0, 0, 0, 0, 0, 0, 1, 0, 0, 1, 0, 0, 1], "payload": {"out": "01010600a4d35c70001600000000000000000000000000000000000090e6ba3b"}, "dp": 67, "byte_dist_mean": 12.748333}
{"pr": 17, "time_start": 1536820025.405896, "bytes_out": 3987, "sp": 5353, "packets": [], "time_end": 1536820038.401645, "byte_dist_std": 66.052192, "da": "224.0.0.251",