{"pr": 2, "time_start": 1536820833.649668, "bytes_out": 8, "sp": null, "packets": [], "time_end": 1536820833.649668, "byte_dist_std": 107.733467, "da": "224.0.0.251", "wht": [63.75, 0, -2.25, 61.5], "idp_out": "4600002002", "entropy": 2.405639, "num_pkts_out": 1, "idp_len_out": 5, "ip": {"out": {"id": [572], "ttl": 1}}, "expire_type": "i", "total_entropy": 19.245111, "sa": "192.168.3.213", "byte_dist": [3, 0, 0, 0, 1, 0, 0, 0, 0, 1, 0, 0, 0, 0, 0, 0, 0, 0, 0, 0, 0, 0, 1, 0, 0, 0, 0, 0, 0, 0, 0, 0, 0, 0, 0, 0, 0, 0, 0, 0, 0, 0, 0, 0, 0, 0, 0, 0, 0, 0, 0, 0, 0, 0, 0, 0, 0, 0, 0, 0, 0, 0, 0, 0, 0, 0, 0, 0, 0, 0, 0, 0, 0, 0, 0, 0, 0, 0, 0, 0, 0, 0, 0, 0, 0, 0, 0, 0, 0, 0, 0, 0, 0, 0, 0, 0, 0, 0, 0, 0, 0, 0, 0, 0, 0, 0, 0, 0, 0, 0, 0, 0, 0, 0, 0, 0, 0, 0, 0, 0, 0, 0, 0, 0, 0, 0, 0, 0, 0, 0, 0, 0, 0, 0, 0, 0, 0, 0, 0, 0, 0, 0, 0, 0, 0, 0, 0, 0, 0, 0, 0, 0, 0, 0, 0, 0, 0, 0, 0, 0, 0, 0, 0, 0, 0, 0, 0, 0, 0, 0, 0, 0, 0, 0, 0, 0, 0, 0, 0, 0, 0, 0, 0, 0, 0, 0, 0, 0, 0, 0, 0, 0, 0, 0, 0, 0, 0, 0, 0, 0, 0, 0, 0, 0, 0, 0, 0, 0, 0, 0, 0, 0, 0, 0, 0, 0, 0, 0, 0, 0, 0, 0, 0, 0, 1, 0, 0, 0, 0, 0, 0, 0, 0, 0, 0, 0, 0, 0, 0, 0, 0, 0, 0, 0, 0, 0, 0, 0, 0, 0, 0, 1, 0, 0, 0, 0], "payload": {"out": "16000904e00000fb"}, "dp": null, "byte_dist_mean": 63.75}
{"ip": {"in": {"id": [568, 569, 570, 571, 573, 574, 575, 576, 577, 578, 579, 580, 581, 582, 583, 584, 585, 586, 587, 588, 589, 590, 591, 592], "ttl": 255}, "out": {"id": [45633, 14455, 20806, 5929, 29338, 36653, 47651, 46168, 47696, 33903, 24907, 38397, 49760, 29122, 23523, 12429, 21407, 10144, 57644, 45792, 6263, 56410, 59905, 36565, 27637], "ttl": 64}}, "idp_in": "4500004102", "time_end": 1536820869.257329, "expire_type": "a", "entropy": 3.291535, "payload": {"in": "17fefd000100000000015f0018000100000000015f0b5569919439610d181d96", "out": "17fefd000100000000015f003e000000000000015f8cf2d8364a2b1cccafc1c4"}, "num_pkts_out": 25, "pr": 17, "time_start": 1536820832.751652, "bytes_in": 5466, "num_pkts_in": 24, "bytes_out": 1119, "byte_dist_std": 66.710398, "da": "192.168.3.213", "wht": [113.66, 2.6917, 0.7792, -3.0948], "byte_dist_mean": 113.663022, "idp_len_out": 5, "total_entropy": 21674.760461, "byte_dist": [252, 83, 7, 10, 7, 8, 8, 8, 5, 9, 8, 9, 8, 6, 10, 7, 6, 7, 12, 6, 18, 4, 6, 27, 8, 11, 9, 7, 8, 8, 10, 10, 6, 10, 8, 8, 5, 6, 7, 9, 6, 11, 10, 5, 7, 11, 8, 5, 8, 7, 10, 7, 9, 7, 11, 7, 9, 9, 5, 8, 6, 7, 15, 7, 8, 4, 8, 6, 6, 1, 6, 8, 7, 6, 6, 6, 10, 9, 12, 11, 10, 5, 6, 7, 7, 10, 7, 7, 7, 7, 12, 4, 6, 7, 9, 12, 5, 11, 13, 9, 11, 9, 12, 5, 11, 13, 11, 9, 9, 10, 11, 7, 8, 8, 10, 14, 7, 10, 8, 9, 5, 7, 9, 9, 5, 10, 8, 8, 8, 9, 8, 5, 10, 9, 8, 8, 11, 8, 6, 6, 6, 9, 9, 10, 9, 8, 7, 4, 9, 9, 9, 5, 5, 7, 7, 5, 5, 7, 9, 12, 10, 6, 6, 6, 9, 11, 11, 9, 9, 7, 10, 7, 7, 13, 9, 7, 8, 7, 5, 8, 10, 7, 8, 7, 4, 7, 6, 9, 8, 8, 11, 7, 6, 8, 12, 8, 10, 10, 9, 6, 9, 7, 7, 8, 6, 8, 7, 8, 8, 9, 9, 9, 11, 7, 6, 5, 13, 5, 4, 9, 11, 10, 8, 8, 8, 5, 6, 6, 6, 7, 8, 4, 6, 8, 7, 6, 8, 6, 9, 7, 7, 4, 10, 5, 8, 8, 8, 10, 10, 6, 8, 8, 7, 30, 32, 7], "dp": 5684, "idp_len_in": 5, "sp": 51197, "packets": [], "idp_out": "45000067b2", "sa": "192.168.3.177"}
{"pr": 2, "time_start": 1536820949.171245, "bytes_out": 8, "sp": null, "packets": [], "time_end": 1536820949.171245, "byte_dist_std": 91.374817, "da": "224.0.0.1", "wht": [63.75, 0, -34.5, -20.75], "idp_out": "46c0002000", "entropy": 2.0, "num_pkts_out": 1, "idp_len_out": 5, "ip": {"out": {"id": [0], "ttl": 1}}, "expire_type": "i", "total_entropy": 16.0, "sa": "0.0.0.0", "byte_dist": [4, 0, 0, 0, 0, 0, 0, 0, 0, 0, 0, 0, 0, 0, 0, 0, 0, 1, 0, 0, 0, 0, 0, 0, 0, 0, 0, 0, 0, 0, 0, 0, 0, 0, 0, 0, 0, 0, 0, 0, 0, 0, 0, 0, 0, 0, 0, 0, 0, 0, 0, 0, 0, 0, 0, 0, 0, 0, 0, 0, 0, 0, 0, 0, 0, 0, 0, 0, 0, 0, 0, 0, 0, 0, 0, 0, 0, 0, 0, 0, 0, 0, 0, 0, 0, 0, 0, 0, 0, 0, 0, 0, 0, 0, 0, 0, 0, 0, 0, 0, 1, 0, 0, 0, 0, 0, 0, 0, 0, 0, 0, 0, 0, 0, 0, 0, 0, 0, 0, 0, 0, 0, 0, 0, 0, 0, 0, 0, 0, 0, 0, 0, 0, 0, 0, 0, 0, 0, 0, 0, 0, 0, 0, 0, 0, 0, 0, 0, 0, 0, 0, 0, 0, 0, 0, 1, 0, 0, 0, 0, 0, 0, 0, 0, 0, 0, 0, 0, 0, 0, 0, 0, 0, 0, 0, 0, 0, 0, 0, 0, 0, 0, 0, 0, 0, 0, 0, 0, 0, 0, 0, 0, 0, 0, 0, 0, 0, 0, 0, 0, 0, 0, 0, 0, 0, 0, 0, 0, 0, 0, 0, 0, 0, 0, 0, 0, 0, 0, 0, 0, 0, 0, 0, 0, 0, 0, 0, 0, 0, 0, 0, 0, 0, 0, 0, 0, 0, 0, 1, 0, 0, 0, 0, 0, 0, 0, 0, 0, 0, 0, 0, 0, 0, 0, 0, 0], "payload": {"out": "1164ee9b00000000"}, "dp": null, "byte_dist_mean": 63.75}
