{"pr": 17, "time_start": 1542216596.538064, "bytes_out": 385, "sp": 5353, "packets": [{"b": 385, "ipt": 0, "dir": "<"}], "time_end": 1542216596.538064, "byte_dist_std": 52.046421, "da": "192.168.3.177", "wht": [70.829, 3.0364, 0.64156, 1.6701], "idp_out": "4500019d01084000ff11f070c0a803d5c0a803b114e914e901898c01000084000000000500000000045f686170045f746370056c6f63616c00000c0001000000ff00210f545241444652492067617465776179045f686170045f746370056c6f63616c000f545241444652492067617465776179045f686170045f746370056c6f63616c0000108001000000ff00491469643d46333a32423a36303a44453a45383a3234126d643d5452414446524920676174657761790670763d312e300473233d310563233d31340473663d300466663d310463693d320f545241444652492067617465776179045f686170045f746370056c6f63616c0000218001000000", "entropy": 5.363899, "num_pkts_out": 1, "idp_len_out": 256, "ip": {"out": {"id": [264], "ttl": 255}}, "expire_type": "a", "total_entropy": 2065.101204, "sa": "192.168.3.213", "byte_dist": [54, 6, 0, 1, 13, 9, 1, 0, 0, 0, 0, 0, 1, 0, 0, 3, 2, 0, 1, 0, 1, 0, 0, 0, 0, 0, 0, 0, 4, 0, 0, 0, 4, 2, 0, 2, 0, 0, 0, 0, 0, 0, 1, 1, 0, 6, 1, 0, 3, 4, 10, 4, 2, 0, 1, 3, 4, 3, 5, 0, 0, 8, 0, 0, 0, 7, 1, 0, 8, 2, 8, 3, 0, 8, 0, 0, 0, 0, 0, 0, 1, 0, 14, 0, 7, 0, 0, 0, 0, 0, 0, 0, 0, 0, 0, 8, 0, 31, 6, 13, 5, 7, 6, 4, 4, 2, 0, 0, 14, 1, 0, 7, 9, 0, 0, 2, 11, 0, 1, 7, 0, 7, 0, 0, 0, 0, 0, 0, 5, 0, 0, 0, 1, 0, 0, 0, 0, 0, 0, 0, 0, 0, 0, 0, 0, 0, 0, 0, 0, 0, 0, 0, 0, 0, 0, 0, 0, 0, 0, 0, 0, 0, 0, 0, 0, 0, 0, 0, 1, 1, 0, 0, 0, 0, 0, 1, 0, 0, 0, 0, 0, 0, 0, 0, 0, 0, 1, 0, 0, 0, 0, 0, 1, 0, 0, 0, 0, 0, 0, 0, 0, 0, 0, 0, 0, 0, 0, 0, 0, 0, 0, 0, 0, 1, 0, 1, 0, 0, 0, 0, 0, 0, 0, 0, 0, 0, 0, 0, 0, 0, 0, 0, 0, 0, 0, 0, 0, 0, 0, 0, 0, 0, 0, 0, 0, 0, 0, 0, 0, 0, 0, 0, 0, 0, 2, 6], "payload": {"out": "000084000000000500000000045f686170045f746370056c6f63616c00000c00"}, "dp": 5353, "byte_dist_mean": 70.828571}
